customer_id,customer_name,customer_segment,first_order_date,latest_order_date,orders,revenue,profit,customer_status,avg_order_value
CUST-0326,Emily Phan,Consumer,2009-03-21,2012-11-26,8,117124.44,34005.44,Repeat,14640.55
CUST-0823,Roy Skaria,Corporate,2009-04-11,2012-12-04,18,92542.15,1343.94,Repeat,5141.23
CUST-0592,Liz MacKendrick,Corporate,2009-01-29,2012-07-02,14,76306.43,20397.24,Repeat,5450.46
CUST-0282,Dennis Kane,Small Business,2009-03-12,2012-12-01,13,75967.59,10456.52,Repeat,5843.66
CUST-0483,John Lucas,Small Business,2009-07-21,2012-12-02,9,72331.88,11090.07,Repeat,8036.88
CUST-0785,Raymond Book,Consumer,2009-03-06,2012-11-02,11,70426.59,18760.59,Repeat,6402.42
CUST-0273,Deborah Brumfield,Small Business,2010-01-11,2011-11-12,7,67845.12,23299.21,Repeat,9692.16
CUST-0912,Sylvia Foulston,Corporate,2009-01-16,2012-10-12,15,66414.69,7748.26,Repeat,4427.65
CUST-0588,Lisa DeCherney,Corporate,2009-12-12,2012-12-20,9,65787.62,3207.49,Repeat,7309.74
CUST-0216,Clytie Kelty,Small Business,2009-01-14,2012-04-28,10,63189.95,18792.81,Repeat,6319.0
CUST-0695,Muhammed Yedwab,Consumer,2009-01-06,2012-11-26,16,62544.02,8661.93,Repeat,3909.0
CUST-0446,Jasper Cacioppo,Home Office,2009-01-07,2012-07-16,7,61350.09,488.68,Repeat,8764.3
CUST-0725,Noel Staavos,Home Office,2009-05-05,2012-04-27,12,59092.1,14556.3,Repeat,4924.34
CUST-0499,Julia Barnett,Corporate,2009-06-12,2012-12-12,5,57728.15,-3171.28,Repeat,11545.63
CUST-0386,Grant Carroll,Small Business,2009-03-29,2012-11-11,8,56894.67,21505.91,Repeat,7111.83
CUST-0021,Alejandro Grove,Corporate,2009-03-15,2012-09-01,6,54685.8,14125.07,Repeat,9114.3
CUST-0800,Ritsa Hightower,Corporate,2010-03-30,2012-10-27,8,54630.1,11960.8,Repeat,6828.76
CUST-0309,Ed Braxton,Home Office,2009-08-05,2012-12-07,17,52568.17,-1199.03,Repeat,3092.25
CUST-0428,Jack Lebron,Corporate,2009-12-23,2012-12-03,14,51155.8,-1498.3,Repeat,3653.99
CUST-0601,Logan Haushalter,Corporate,2009-06-26,2012-12-29,12,50662.95,18348.53,Repeat,4221.91
CUST-0099,Becky Pak,Corporate,2009-05-04,2012-10-14,8,50378.16,11765.16,Repeat,6297.27
CUST-0089,Barry Gonzalez,Consumer,2010-05-11,2012-10-29,9,49292.05,6726.89,Repeat,5476.89
CUST-0485,John Stevenson,Small Business,2009-10-04,2012-03-02,4,48660.87,18849.93,Repeat,12165.22
CUST-0518,Karen Carlisle,Corporate,2009-10-19,2012-04-04,5,48520.79,19198.57,Repeat,9704.16
CUST-0662,Michael Oakman,Small Business,2009-03-24,2012-11-30,11,47040.0,493.31,Repeat,4276.36
CUST-0633,Matt Abelman,Home Office,2009-01-31,2012-08-12,8,47006.51,-2102.41,Repeat,5875.81
CUST-0825,Ruben Dartt,Corporate,2009-01-08,2012-05-08,7,46399.44,10647.93,Repeat,6628.49
CUST-0954,Tonja Turnell,Consumer,2009-03-21,2012-09-16,11,45788.67,5748.97,Repeat,4162.61
CUST-0716,Nick Crebassa,Corporate,2009-10-06,2012-09-30,8,45458.41,14712.95,Repeat,5682.3
CUST-0193,Christine Abelman,Corporate,2009-02-09,2012-10-24,9,45365.75,7273.0,Repeat,5040.64
CUST-0578,Lena Creighton,Home Office,2009-02-13,2012-11-15,9,44980.47,2774.8,Repeat,4997.83
CUST-0017,Alan Schoenberger,Corporate,2009-01-02,2012-06-12,5,44571.92,6753.61,Repeat,8914.38
CUST-0414,Helen Wasserman,Home Office,2009-02-08,2012-06-26,11,43294.68,855.96,Repeat,3935.88
CUST-0688,Mitch Gastineau,Small Business,2009-05-22,2012-10-01,7,43256.69,10027.22,Repeat,6179.53
CUST-0977,Victoria Wilson,Home Office,2009-03-20,2012-09-13,8,42960.68,3926.09,Repeat,5370.08
CUST-0890,Steve Chapman,Corporate,2009-08-31,2012-11-07,8,42872.99,7572.17,Repeat,5359.12
CUST-0105,Benjamin Venier,Small Business,2009-01-07,2012-05-13,9,42624.3,5079.57,Repeat,4736.03
CUST-0455,Jennifer Patt,Home Office,2009-01-14,2012-09-01,10,42356.0,5516.52,Repeat,4235.6
CUST-0213,Clay Cheatham,Small Business,2009-10-27,2012-10-27,5,42255.17,-3799.77,Repeat,8451.03
CUST-0622,Mark Cousins,Corporate,2009-11-20,2012-06-23,10,41736.32,4092.42,Repeat,4173.63
CUST-0221,Craig Carreira,Corporate,2012-05-21,2012-05-21,1,41343.21,3852.19,New,41343.21
CUST-0798,Rick Wilson,Consumer,2009-02-11,2012-06-07,7,41218.28,14940.55,Repeat,5888.33
CUST-0955,Tony Chapman,Consumer,2009-06-25,2012-03-22,5,41020.63,776.53,Repeat,8204.13
CUST-0404,Harold Engle,Home Office,2010-10-26,2012-05-26,6,40975.07,10136.98,Repeat,6829.18
CUST-0606,Lycoris Saunders,Corporate,2009-12-06,2012-09-09,6,40840.65,9623.0,Repeat,6806.77
CUST-0708,Nathan Mautz,Home Office,2009-01-22,2012-11-19,7,40788.64,10860.47,Repeat,5826.95
CUST-0331,Erica Bern,Corporate,2009-01-18,2012-06-29,11,40626.71,1811.72,Repeat,3693.34
CUST-0845,Sanjit Chand,Home Office,2010-07-15,2012-11-21,8,40353.99,1778.06,Repeat,5044.25
CUST-0092,Barry Weirich,Corporate,2009-03-20,2012-12-07,8,40124.99,4784.36,Repeat,5015.62
CUST-0182,Charles Crestani,Consumer,2009-02-14,2012-02-18,10,40030.83,5529.44,Repeat,4003.08
CUST-0821,Roy Phan,Consumer,2009-03-10,2012-04-03,6,39600.91,-10534.32,Repeat,6600.15
CUST-0315,Edward Nazzal,Home Office,2009-07-04,2012-09-11,13,39538.65,4027.56,Repeat,3041.43
CUST-0972,Valerie Takahito,Consumer,2009-05-07,2012-09-23,11,39517.07,7936.08,Repeat,3592.46
CUST-0154,Cari Sayre,Corporate,2009-02-27,2011-08-03,7,39365.85,5111.97,Repeat,5623.69
CUST-0865,Seth Vernon,Home Office,2009-06-28,2012-03-04,6,38977.81,148.86,Repeat,6496.3
CUST-0426,Ivan Liston,Consumer,2010-11-06,2012-10-30,8,38880.47,6647.08,Repeat,4860.06
CUST-0765,Philip Brown,Corporate,2009-03-28,2011-12-18,6,38873.21,9713.22,Repeat,6478.87
CUST-0640,Matthew Grinstein,Small Business,2009-08-21,2012-10-28,10,38698.79,6076.23,Repeat,3869.88
CUST-0506,Juliana Krohn,Corporate,2009-12-17,2012-10-23,7,38270.41,915.96,Repeat,5467.2
CUST-0575,Lela Donovan,Corporate,2009-06-18,2012-10-02,9,38012.03,8629.99,Repeat,4223.56
CUST-0515,Justin MacKendrick,Corporate,2010-01-10,2012-08-02,4,37675.81,11033.87,Repeat,9418.95
CUST-0617,Maribeth Dona,Home Office,2009-06-13,2012-06-07,6,37359.52,-3418.38,Repeat,6226.59
CUST-0486,Jonathan Doherty,Corporate,2009-03-28,2012-12-11,14,37345.15,6075.26,Repeat,2667.51
CUST-0248,Darren Budd,Home Office,2010-02-21,2012-11-14,8,37215.88,1644.66,Repeat,4651.98
CUST-0047,Andy Reiter,Corporate,2009-01-03,2012-08-08,6,37037.88,14681.2,Repeat,6172.98
CUST-0484,John Murray,Small Business,2009-10-07,2012-10-19,7,37036.03,7254.95,Repeat,5290.86
CUST-0402,Harold Dahlen,Corporate,2009-09-16,2012-03-11,11,36396.26,5517.65,Repeat,3308.75
CUST-0203,Chuck Clark,Corporate,2009-08-31,2012-09-10,11,36028.41,8312.47,Repeat,3275.31
CUST-0469,Jim Radford,Corporate,2009-03-03,2012-04-15,7,35978.14,1472.0,Repeat,5139.73
CUST-0200,Christopher Martinez,Small Business,2009-03-25,2012-08-18,8,35937.77,6155.23,Repeat,4492.22
CUST-0406,Harold Ryan,Home Office,2009-01-21,2012-10-29,9,35884.06,10571.8,Repeat,3987.12
CUST-0337,Erin Creighton,Corporate,2009-07-31,2012-09-08,9,35725.09,5960.04,Repeat,3969.45
CUST-0335,Erica Smith,Small Business,2009-02-16,2012-01-27,6,35703.91,3536.18,Repeat,5950.65
CUST-0143,Brooke Gillingham,Small Business,2009-12-22,2012-08-07,6,35679.28,7426.88,Repeat,5946.55
CUST-0153,Cari MacIntyre,Corporate,2009-07-20,2012-12-04,9,35595.0,3601.53,Repeat,3955.0
CUST-0739,Patrick Bzostek,Consumer,2009-10-25,2012-09-14,6,35495.44,8341.7,Repeat,5915.91
CUST-0509,Julie Kriz,Corporate,2009-01-07,2012-03-30,6,35294.48,2243.64,Repeat,5882.41
CUST-0741,Patrick Jones,Home Office,2009-01-03,2012-11-10,17,35186.02,167.36,Repeat,2069.77
CUST-0524,Karl Brown,Corporate,2010-04-10,2012-08-21,8,35162.67,8512.53,Repeat,4395.33
CUST-0838,Sally Matthias,Home Office,2009-01-22,2012-02-12,7,34947.42,7459.06,Repeat,4992.49
CUST-0314,Edward Hooks,Consumer,2009-07-02,2012-09-22,5,34532.76,5673.92,Repeat,6906.55
CUST-0807,Robert Barroso,Small Business,2009-02-05,2011-04-29,5,34398.05,10996.56,Repeat,6879.61
CUST-0438,Janet Martin,Corporate,2009-04-29,2012-10-27,9,34383.84,10601.75,Repeat,3820.43
CUST-0354,Frank Hawley,Home Office,2009-02-12,2012-04-27,7,34301.52,2596.92,Repeat,4900.22
CUST-0419,Hilary Holden,Corporate,2009-12-22,2012-09-10,6,33997.32,2838.64,Repeat,5666.22
CUST-0763,Peter Fuller,Corporate,2009-10-08,2012-01-13,6,33548.98,7496.62,Repeat,5591.5
CUST-0470,Jim Sink,Corporate,2009-07-24,2012-05-20,9,33491.99,1053.15,Repeat,3721.33
CUST-0804,Rob Haberlin,Corporate,2009-01-21,2012-10-03,9,33483.4,5148.68,Repeat,3720.38
CUST-0071,Anthony Rawles,Small Business,2009-04-20,2012-10-25,10,33418.65,1488.72,Repeat,3341.86
CUST-0916,Tamara Manning,Corporate,2009-01-14,2012-11-19,7,33139.65,4538.64,Repeat,4734.24
CUST-0379,Giulietta Dortch,Consumer,2009-04-24,2012-01-12,6,33127.42,9511.31,Repeat,5521.24
CUST-0672,Michelle Moray,Corporate,2009-01-10,2012-03-30,9,33055.2,7012.39,Repeat,3672.8
CUST-0125,Brad Thomas,Home Office,2009-04-10,2012-12-27,19,32735.0,1389.09,Repeat,1722.89
CUST-0465,Jim Epp,Small Business,2009-04-24,2012-12-30,12,32331.51,7836.1,Repeat,2694.29
CUST-0666,Michelle Ellison,Consumer,2009-04-06,2012-08-05,6,32127.31,1624.4,Repeat,5354.55
CUST-0797,Rick Reed,Consumer,2009-01-12,2009-01-30,2,32088.42,11695.88,Repeat,16044.21
CUST-0737,Parhena Norris,Home Office,2009-04-08,2012-07-20,4,31955.08,834.51,Repeat,7988.77
CUST-0110,Bill Donatelli,Corporate,2009-01-03,2012-09-02,11,31709.92,4708.15,Repeat,2882.72
CUST-0385,Grant Carroll,Corporate,2010-05-07,2012-07-21,9,31522.33,6471.38,Repeat,3502.48
CUST-0882,Sonia Sunley,Corporate,2009-05-15,2012-06-25,8,31367.83,710.67,Repeat,3920.98
CUST-0504,Julia West,Home Office,2009-01-06,2011-06-21,3,31154.38,-13057.2,Repeat,10384.79
CUST-0648,Maxwell Schwartz,Corporate,2009-03-09,2012-08-04,11,30928.84,-6043.85,Repeat,2811.71
CUST-0355,Frank Merwin,Consumer,2009-02-17,2012-03-24,6,30789.53,4690.7,Repeat,5131.59
CUST-0269,Dean Percer,Consumer,2009-10-20,2010-05-15,2,30759.16,9221.08,Repeat,15379.58
CUST-0231,Cynthia Arntzen,Small Business,2009-01-20,2012-11-26,12,30758.5,3904.44,Repeat,2563.21
CUST-0793,Rick Duston,Corporate,2009-04-22,2012-09-19,6,30727.31,4667.39,Repeat,5121.22
CUST-0690,Mitch Willingham,Corporate,2009-05-01,2012-07-13,7,30525.55,5386.61,Repeat,4360.79
CUST-0208,Cindy Schnelling,Corporate,2009-01-12,2012-05-11,8,30487.08,8542.76,Repeat,3810.89
CUST-0609,Magdelene Morse,Home Office,2009-10-20,2012-06-27,8,30412.95,6249.38,Repeat,3801.62
CUST-0307,Duane Noonan,Corporate,2009-10-02,2012-12-05,5,30369.79,-2558.37,Repeat,6073.96
CUST-0395,Greg Tran,Home Office,2010-12-11,2012-09-10,5,30119.41,8686.04,Repeat,6023.88
CUST-0599,Liz Willingham,Home Office,2010-03-25,2012-10-18,5,29902.6,4818.35,Repeat,5980.52
CUST-0652,Meg Tillman,Small Business,2009-06-03,2012-07-15,8,29898.23,1752.55,Repeat,3737.28
CUST-0642,Maureen Gastineau,Consumer,2010-02-13,2012-09-14,7,29885.51,4485.35,Repeat,4269.36
CUST-0433,James Lanier,Corporate,2009-02-27,2011-12-16,8,29846.97,5862.66,Repeat,3730.87
CUST-0858,Scott Cohen,Consumer,2009-04-21,2012-09-03,9,29811.35,689.38,Repeat,3312.37
CUST-0646,Max Jones,Home Office,2009-07-26,2012-10-04,10,29810.99,6022.59,Repeat,2981.1
CUST-0350,Filia McAdams,Small Business,2009-01-24,2012-11-18,6,29768.43,4826.89,Repeat,4961.4
CUST-0102,Ben Wallace,Home Office,2009-06-09,2011-12-10,7,29600.03,1161.34,Repeat,4228.58
CUST-0272,Deborah Brumfield,Corporate,2009-04-27,2012-01-03,5,29588.02,7822.01,Repeat,5917.6
CUST-0181,Chad Sievert,Corporate,2009-10-05,2012-10-28,6,29585.21,9008.97,Repeat,4930.87
CUST-0224,Craig Leslie,Consumer,2009-01-06,2012-02-17,6,29497.48,5969.71,Repeat,4916.25
CUST-0134,Brendan Murry,Corporate,2009-03-18,2012-10-30,8,29294.96,3151.88,Repeat,3661.87
CUST-0319,Eleni McCrary,Home Office,2011-12-21,2012-08-29,2,29265.7,2431.11,Repeat,14632.85
CUST-0259,Dave Poirier,Small Business,2009-04-06,2012-07-19,10,29249.09,4834.82,Repeat,2924.91
CUST-0202,Christy Brittain,Consumer,2009-04-23,2012-12-13,15,29061.87,-3541.98,Repeat,1937.46
CUST-0020,Alejandro Grove,Consumer,2009-02-02,2012-04-14,3,28876.13,6463.85,Repeat,9625.38
CUST-0623,Mark Cousins,Home Office,2009-09-16,2012-07-19,8,28843.41,4284.94,Repeat,3605.43
CUST-0325,Emily Grady,Home Office,2009-05-23,2012-11-28,12,28774.01,6529.05,Repeat,2397.83
CUST-0297,Dorothy Wardle,Corporate,2009-03-31,2012-12-21,9,28598.56,-916.19,Repeat,3177.62
CUST-0166,Carlos Soltero,Consumer,2009-02-15,2012-10-30,13,28437.77,266.05,Repeat,2187.52
CUST-0862,Sean Miller,Small Business,2009-11-22,2012-12-09,6,28271.06,5581.57,Repeat,4711.84
CUST-0447,Jay Fine,Consumer,2009-04-08,2012-10-16,6,28113.78,-145.86,Repeat,4685.63
CUST-0112,Bill Eplett,Corporate,2009-02-15,2012-08-19,14,28075.79,-1285.52,Repeat,2005.41
CUST-0126,Bradley Drucker,Small Business,2009-01-11,2012-12-28,10,27911.61,4899.86,Repeat,2791.16
CUST-0888,Stephanie Ulpright,Consumer,2009-05-02,2012-09-30,5,27898.87,970.62,Repeat,5579.77
CUST-0435,Jamie Kunitz,Corporate,2010-06-24,2012-11-09,6,27842.06,8676.74,Repeat,4640.34
CUST-0604,Luke Schmidt,Home Office,2009-01-08,2012-07-24,11,27762.45,4327.56,Repeat,2523.86
CUST-0002,Aaron Hawkins,Home Office,2009-08-15,2011-12-29,9,27690.73,5961.41,Repeat,3076.75
CUST-0161,Carl Weiss,Consumer,2009-03-04,2011-07-29,9,27483.39,3468.45,Repeat,3053.71
CUST-0611,Marc Crier,Corporate,2009-04-08,2012-11-06,10,27429.75,4123.39,Repeat,2742.98
CUST-0915,Tamara Dahlen,Corporate,2009-01-04,2012-03-11,7,27294.23,-453.67,Repeat,3899.18
CUST-0477,John Castell,Small Business,2009-07-17,2011-04-08,6,27266.84,8140.75,Repeat,4544.47
CUST-0464,Jill Stevenson,Consumer,2010-10-08,2012-11-27,5,27256.49,7704.43,Repeat,5451.3
CUST-0109,Beth Thompson,Corporate,2009-03-19,2012-10-23,12,27214.95,-1518.45,Repeat,2267.91
CUST-0167,Carlos Soltero,Small Business,2009-01-17,2012-10-29,7,27137.32,-275.22,Repeat,3876.76
CUST-0117,Bobby Elias,Small Business,2009-02-06,2012-08-14,9,26977.46,1830.15,Repeat,2997.5
CUST-0246,Darren Budd,Consumer,2009-01-05,2012-09-24,10,26689.75,-900.14,Repeat,2668.97
CUST-0416,Henry Goldwyn,Small Business,2009-11-07,2012-07-16,6,26629.81,4887.52,Repeat,4438.3
CUST-0013,Alan Haines,Consumer,2009-10-20,2012-12-27,7,26584.68,7062.87,Repeat,3797.81
CUST-0582,Linda Southworth,Consumer,2009-11-18,2012-05-12,10,26407.67,4023.65,Repeat,2640.77
CUST-0756,Pauline Webber,Consumer,2009-06-08,2012-09-25,9,26405.73,4342.2,Repeat,2933.97
CUST-0324,Emily Ducich,Consumer,2009-04-09,2010-01-01,2,26209.65,5721.79,Repeat,13104.82
CUST-0746,Paul Knutson,Corporate,2009-09-21,2012-10-28,7,26188.54,3581.96,Repeat,3741.22
CUST-0965,Troy Blackwell,Home Office,2009-07-07,2012-09-29,9,26184.59,4780.76,Repeat,2909.4
CUST-0574,Lauren Leatherbury,Home Office,2009-09-05,2012-11-24,6,26132.23,-10783.23,Repeat,4355.37
CUST-0005,Adam Hart,Corporate,2009-01-28,2012-12-11,18,26114.26,4071.84,Repeat,1450.79
CUST-0650,Meg O'Connel,Corporate,2009-05-26,2012-04-04,6,26108.96,-7609.87,Repeat,4351.49
CUST-0844,Sandra Glassco,Home Office,2009-04-28,2012-12-01,9,25908.94,5127.58,Repeat,2878.77
CUST-0205,Chuck Sachs,Consumer,2009-03-15,2011-12-08,8,25904.6,-1020.4,Repeat,3238.08
CUST-0766,Philip Brown,Home Office,2009-04-02,2012-10-22,6,25843.59,2.51,Repeat,4307.26
CUST-0027,Alex Grayson,Consumer,2009-04-06,2012-02-14,7,25658.76,4078.04,Repeat,3665.54
CUST-0720,Nicole Brennan,Home Office,2009-02-14,2012-06-19,9,25657.91,1190.8,Repeat,2850.88
CUST-0076,Art Miller,Corporate,2009-11-05,2012-04-16,8,25643.83,1585.09,Repeat,3205.48
CUST-0362,Fred McMath,Small Business,2010-05-12,2012-09-06,9,25607.34,1774.44,Repeat,2845.26
CUST-0818,Ross DeVincentis,Corporate,2010-03-27,2012-01-24,2,25583.82,5619.73,Repeat,12791.91
CUST-0232,Cynthia Delaney,Corporate,2009-01-24,2012-06-29,8,25559.15,5386.78,Repeat,3194.89
CUST-0430,Jack O'Briant,Home Office,2010-08-07,2012-04-18,4,25545.34,9035.61,Repeat,6386.33
CUST-0116,Bill Tyler,Consumer,2009-05-04,2010-06-01,3,25276.14,4934.97,Repeat,8425.38
CUST-0512,Justin Ellison,Home Office,2009-05-23,2012-04-28,6,25264.15,4532.7,Repeat,4210.69
CUST-0321,Ellis Ballard,Corporate,2009-04-10,2011-12-07,6,25202.16,5073.56,Repeat,4200.36
CUST-0535,Katrina Willman,Consumer,2010-01-29,2012-06-07,7,25168.9,-1299.64,Repeat,3595.56
CUST-0654,Michael Chen,Consumer,2009-12-31,2011-12-16,4,25141.74,4295.95,Repeat,6285.43
CUST-0190,Christina Anderson,Corporate,2009-01-16,2012-05-06,5,25136.31,322.04,Repeat,5027.26
CUST-0887,Stephanie Phelps,Consumer,2009-02-26,2012-11-28,6,25071.54,5391.74,Repeat,4178.59
CUST-0183,Charles McCrossin,Corporate,2010-07-14,2012-06-26,5,25045.42,6354.09,Repeat,5009.08
CUST-0631,Mathew Reese,Small Business,2009-05-22,2012-06-08,9,25012.97,1723.57,Repeat,2779.22
CUST-0734,Olvera Toch,Home Office,2009-01-09,2012-02-23,7,24633.7,7975.32,Repeat,3519.1
CUST-0523,Karen Seio,Consumer,2009-04-01,2012-08-11,6,24491.43,3543.09,Repeat,4081.9
CUST-0346,Eva Jacobs,Home Office,2009-06-11,2012-08-17,9,24445.01,4638.33,Repeat,2716.11
CUST-0140,Brian Stugart,Consumer,2010-03-24,2012-09-03,7,24368.92,1141.99,Repeat,3481.27
CUST-0405,Harold Pawlan,Small Business,2009-06-11,2012-12-18,7,24331.45,1216.7,Repeat,3475.92
CUST-0237,Dan Campbell,Corporate,2009-02-25,2012-08-13,5,24321.03,3546.82,Repeat,4864.21
CUST-0958,Tony Sayre,Small Business,2009-07-01,2012-12-16,8,24319.1,4628.13,Repeat,3039.89
CUST-0553,Ken Heidel,Corporate,2011-02-16,2012-12-16,7,24303.19,962.23,Repeat,3471.88
CUST-0113,Bill Overfelt,Corporate,2009-02-02,2012-05-25,7,24272.39,651.78,Repeat,3467.48
CUST-0218,Corey Lock,Home Office,2009-04-06,2012-05-03,7,24161.95,-8392.04,Repeat,3451.71
CUST-0905,Susan MacKendrick,Corporate,2009-06-30,2010-12-29,3,24129.84,3754.54,Repeat,8043.28
CUST-0144,Brosina Hoffman,Consumer,2009-07-20,2011-10-06,3,24125.39,568.87,Repeat,8041.8
CUST-0087,Barry Franz,Corporate,2009-12-19,2012-09-06,6,24113.15,7648.05,Repeat,4018.86
CUST-0471,Jocasta Rupert,Consumer,2009-01-23,2012-05-04,3,24107.4,6788.74,Repeat,8035.8
CUST-0869,Shahid Shariari,Corporate,2010-07-15,2012-11-22,9,24014.95,1237.01,Repeat,2668.33
CUST-0637,Matt Connell,Corporate,2009-04-20,2012-10-15,7,23881.36,4902.67,Repeat,3411.62
CUST-0074,Art Ferguson,Corporate,2009-11-28,2012-12-02,7,23839.86,1827.64,Repeat,3405.69
CUST-0498,Joy Smith,Corporate,2009-02-01,2012-07-07,7,23784.9,1879.63,Repeat,3397.84
CUST-0636,Matt Collister,Home Office,2009-01-01,2012-03-14,10,23724.93,1881.06,Repeat,2372.49
CUST-0937,Tim Brockman,Consumer,2009-03-30,2010-12-15,7,23653.52,3966.74,Repeat,3379.07
CUST-0752,Paul Van Hugh,Corporate,2011-02-18,2011-02-18,1,23354.28,6887.9,New,23354.28
CUST-0165,Carlos Meador,Corporate,2009-05-13,2012-03-23,11,23350.83,-1542.92,Repeat,2122.8
CUST-0252,Darrin Sayre,Consumer,2009-09-12,2012-03-09,7,23338.48,2552.34,Repeat,3334.07
CUST-0286,Denny Joy,Corporate,2009-12-16,2012-04-07,5,23310.87,6838.0,Repeat,4662.17
CUST-0098,Becky Martin,Home Office,2009-04-14,2012-08-28,3,23289.9,4199.01,Repeat,7763.3
CUST-0308,Ed Braxton,Consumer,2009-02-07,2012-08-20,5,23234.59,7830.21,Repeat,4646.92
CUST-0178,Cathy Prescott,Corporate,2009-10-21,2011-04-25,4,23227.85,6940.27,Repeat,5806.96
CUST-0271,Deanra Eno,Corporate,2009-08-05,2012-11-20,13,23201.28,1011.57,Repeat,1784.71
CUST-0629,Mary Zewe,Corporate,2009-05-08,2012-10-14,3,23190.22,8654.06,Repeat,7730.07
CUST-0135,Brendan Sweed,Consumer,2009-05-15,2012-07-27,7,23187.8,3663.7,Repeat,3312.54
CUST-0423,Ionia McGrath,Small Business,2009-07-09,2012-11-28,4,23186.02,9136.55,Repeat,5796.5
CUST-0744,Patrick Ryan,Corporate,2009-04-17,2012-10-23,12,23111.31,5970.02,Repeat,1925.94
CUST-0239,Dan Lawera,Corporate,2009-09-28,2011-12-17,6,23104.17,2388.71,Repeat,3850.7
CUST-0176,Cathy Armstrong,Consumer,2009-02-12,2012-08-18,7,23102.84,-426.82,Repeat,3300.41
CUST-0692,Muhammed Lee,Consumer,2010-12-20,2012-08-12,5,23095.25,5696.58,Repeat,4619.05
CUST-0007,Adrian Barton,Small Business,2011-11-27,2012-05-28,2,23088.53,-11853.03,Repeat,11544.27
CUST-0206,Cindy Chapman,Consumer,2009-07-17,2012-11-19,6,23062.09,2872.01,Repeat,3843.68
CUST-0980,Vivek Grady,Home Office,2009-02-12,2012-11-20,8,23001.31,3366.62,Repeat,2875.16
CUST-0103,Benjamin Farhat,Home Office,2009-05-14,2012-11-12,7,23000.75,8394.96,Repeat,3285.82
CUST-0236,Damala Kotsonis,Corporate,2009-10-15,2012-10-22,7,22970.25,1154.58,Repeat,3281.46
CUST-0495,Joy Bell,Home Office,2009-03-06,2012-10-07,6,22948.76,2501.89,Repeat,3824.79
CUST-0079,Arthur Prichep,Home Office,2010-01-26,2012-10-15,9,22947.0,76.85,Repeat,2549.67
CUST-0873,Sheri Gordon,Corporate,2009-05-28,2012-10-20,6,22900.13,3789.33,Repeat,3816.69
CUST-0481,John Lee,Corporate,2009-01-17,2012-04-03,10,22803.96,609.14,Repeat,2280.4
CUST-0192,Christina Vanderzanden,Small Business,2009-02-05,2012-08-05,11,22776.32,1467.08,Repeat,2070.57
CUST-0121,Bobby Trafton,Small Business,2009-06-22,2012-07-19,8,22765.56,1376.64,Repeat,2845.7
CUST-0044,Andrew Roberts,Home Office,2009-07-02,2012-11-21,7,22571.02,-184.75,Repeat,3224.43
CUST-0225,Craig Molinari,Small Business,2009-10-29,2012-06-05,7,22570.38,605.26,Repeat,3224.34
CUST-0279,Denise Monton,Home Office,2009-03-01,2012-05-27,15,22513.17,2581.13,Repeat,1500.88
CUST-0442,Jason Fortune,Corporate,2009-11-11,2011-05-06,4,22455.02,4338.1,Repeat,5613.75
CUST-0301,Doug Bickford,Small Business,2009-10-01,2011-11-05,4,22353.56,8490.8,Repeat,5588.39
CUST-0986,William Brown,Home Office,2009-10-20,2011-11-22,6,22329.17,7321.85,Repeat,3721.53
CUST-0500,Julia Barnett,Home Office,2009-01-06,2012-11-25,7,22316.3,1215.19,Repeat,3188.04
CUST-0187,Chris Cortes,Consumer,2009-01-19,2012-10-03,5,22077.73,-3615.18,Repeat,4415.55
CUST-0754,Pauline Chand,Small Business,2009-01-05,2010-03-14,4,21910.68,4183.68,Repeat,5477.67
CUST-0678,Mick Crebagga,Home Office,2009-02-05,2012-12-10,8,21817.78,-61.26,Repeat,2727.22
CUST-0365,Gary Hwang,Home Office,2009-10-30,2012-11-01,11,21771.25,-3923.27,Repeat,1979.2
CUST-0145,Bruce Degenhardt,Home Office,2009-05-25,2011-06-28,5,21475.22,1884.2,Repeat,4295.04
CUST-0437,Janet Lee,Consumer,2009-02-14,2012-06-14,7,21422.09,3075.95,Repeat,3060.3
CUST-0070,Anthony O'Donnell,Corporate,2009-02-22,2012-02-18,3,21390.25,7464.87,Repeat,7130.08
CUST-0779,Ralph Kennedy,Corporate,2009-06-21,2012-11-10,12,21329.73,4761.42,Repeat,1777.48
CUST-0603,Luke Foster,Corporate,2009-08-05,2012-10-01,4,21231.0,2210.74,Repeat,5307.75
CUST-0762,Peter Fuller,Consumer,2009-04-18,2011-12-02,5,21166.76,767.5,Repeat,4233.35
CUST-0344,Eugene Hildebrand,Home Office,2009-04-23,2012-05-13,6,21144.72,-2109.47,Repeat,3524.12
CUST-0572,Laurel Workman,Home Office,2009-10-17,2012-12-11,4,21138.76,-12587.05,Repeat,5284.69
CUST-0894,Steven Roelle,Small Business,2009-10-20,2012-07-31,6,21108.36,-3370.43,Repeat,3518.06
CUST-0023,Aleksandra Gannaway,Corporate,2009-09-01,2011-12-18,8,20995.12,1275.85,Repeat,2624.39
CUST-0973,Vicky Freymann,Home Office,2009-02-13,2012-08-30,6,20949.49,3647.23,Repeat,3491.58
CUST-0510,Julie Prescott,Home Office,2009-03-17,2012-03-02,6,20917.49,3842.14,Repeat,3486.25
CUST-0557,Khloe Miller,Home Office,2009-10-18,2012-09-24,6,20916.95,-5221.21,Repeat,3486.16
CUST-0526,Katharine Harms,Consumer,2009-05-03,2012-02-23,3,20914.09,3469.53,Repeat,6971.36
CUST-0826,Russell Applegate,Home Office,2009-04-06,2011-12-08,4,20903.64,7593.06,Repeat,5225.91
CUST-0501,Julia Dunbar,Consumer,2009-07-21,2012-06-11,9,20868.1,738.43,Repeat,2318.68
CUST-0696,Nancy Lomonaco,Home Office,2009-05-24,2011-05-20,6,20751.62,4481.09,Repeat,3458.6
CUST-0812,Roger Demir,Consumer,2009-11-20,2012-04-17,6,20742.67,-10187.92,Repeat,3457.11
CUST-0792,Rick Bensley,Consumer,2010-11-13,2012-09-23,6,20704.22,2601.4,Repeat,3450.7
CUST-0686,Mike Vittorini,Small Business,2009-04-26,2012-08-14,8,20601.49,3537.0,Repeat,2575.19
CUST-0466,Jim Karlsson,Small Business,2011-04-08,2012-10-26,7,20482.91,265.84,Repeat,2926.13
CUST-0360,Fred Harton,Home Office,2009-03-30,2012-10-07,9,20464.27,-71.54,Repeat,2273.81
CUST-0241,Dana Kaydos,Corporate,2009-02-25,2012-09-13,5,20459.49,-5196.29,Repeat,4091.9
CUST-0338,Erin Mull,Corporate,2009-09-16,2010-02-02,2,20446.29,9353.52,Repeat,10223.14
CUST-0304,Duane Benoit,Home Office,2009-04-10,2012-11-19,8,20368.35,963.41,Repeat,2546.04
CUST-0902,Sung Pak,Small Business,2010-06-05,2012-12-21,8,20346.16,3863.45,Repeat,2543.27
CUST-0332,Erica Bern,Small Business,2012-08-07,2012-08-07,1,20333.82,-1430.45,New,20333.82
CUST-0150,Bryan Mills,Small Business,2009-07-13,2011-08-10,5,20322.63,4786.84,Repeat,4064.53
CUST-0895,Steven Ward,Consumer,2009-02-28,2011-11-26,7,20241.5,7366.11,Repeat,2891.64
CUST-0831,Sally Hughsby,Consumer,2009-02-20,2012-08-18,15,20162.59,1867.53,Repeat,1344.17
CUST-0945,Todd Boyes,Consumer,2011-02-06,2011-02-06,1,20114.62,5154.42,New,20114.62
CUST-0566,Larry Tron,Home Office,2009-01-03,2012-10-04,9,20105.12,2223.23,Repeat,2233.9
CUST-0006,Adam Shillingsburg,Corporate,2009-02-22,2011-08-11,10,20059.68,2620.75,Repeat,2005.97
CUST-0345,Eugene Moren,Home Office,2009-04-20,2012-03-25,10,20006.71,4037.6,Repeat,2000.67
CUST-0919,Tanja Norvell,Consumer,2009-05-28,2011-02-26,7,19999.46,1551.19,Repeat,2857.07
CUST-0697,Naresj Patel,Corporate,2009-08-17,2012-09-04,3,19963.88,8322.4,Repeat,6654.63
CUST-0616,Maria Zettner,Corporate,2009-01-31,2012-09-02,8,19871.82,-3553.6,Repeat,2483.98
CUST-0424,Irene Maddox,Consumer,2009-07-17,2012-03-22,5,19836.3,-6240.16,Repeat,3967.26
CUST-0173,Caroline Jumper,Corporate,2010-01-29,2012-09-16,9,19831.08,601.81,Repeat,2203.45
CUST-0458,Jeremy Lonsdale,Corporate,2009-02-24,2011-08-10,7,19810.64,2360.83,Repeat,2830.09
CUST-0670,Michelle Lonsdale,Corporate,2011-06-20,2012-11-23,4,19784.04,3513.43,Repeat,4946.01
CUST-0910,Suzanne McNair,Small Business,2009-12-25,2012-09-05,5,19717.84,3099.0,Repeat,3943.57
CUST-0529,Katherine Murray,Home Office,2009-09-01,2012-06-02,4,19712.98,4972.72,Repeat,4928.24
CUST-0976,Victoria Pisteka,Corporate,2009-02-28,2012-04-09,10,19614.36,3597.94,Repeat,1961.44
CUST-0680,Mike Caudle,Corporate,2011-04-20,2012-04-15,4,19580.65,5752.44,Repeat,4895.16
CUST-0789,Ricardo Emerson,Corporate,2011-08-07,2012-12-15,4,19562.37,3897.92,Repeat,4890.59
CUST-0467,Jim Kriz,Consumer,2009-05-03,2012-04-24,9,19534.16,2001.1,Repeat,2170.46
CUST-0085,Barbara Fisher,Small Business,2009-06-17,2012-07-28,8,19473.14,1053.09,Repeat,2434.14
CUST-0489,Joni Blumstein,Home Office,2009-01-09,2012-12-18,9,19446.71,5305.02,Repeat,2160.75
CUST-0653,Melanie Page,Corporate,2009-05-05,2011-12-07,5,19415.42,2808.4,Repeat,3883.08
CUST-0715,Neoma Murray,Small Business,2010-08-30,2012-12-09,4,19406.44,-697.18,Repeat,4851.61
CUST-0422,Ionia McGrath,Home Office,2009-02-10,2012-08-23,9,19128.58,2505.22,Repeat,2125.4
CUST-0026,Alex Avila,Home Office,2009-11-03,2012-12-09,8,19106.36,1584.03,Repeat,2388.29
CUST-0964,Tracy Zic,Consumer,2010-04-11,2012-11-19,4,19018.65,2791.79,Repeat,4754.66
CUST-0075,Art Foster,Home Office,2009-01-31,2012-12-28,11,19002.97,2692.63,Repeat,1727.54
CUST-0864,Sean Wendt,Corporate,2009-01-10,2012-07-17,8,18947.68,1508.19,Repeat,2368.46
CUST-0245,Dario Medina,Small Business,2009-03-25,2012-03-26,6,18937.42,5286.08,Repeat,3156.24
CUST-0917,Tamara Willingham,Corporate,2009-06-03,2012-03-28,9,18922.51,-6957.85,Repeat,2102.5
CUST-0380,Giulietta Dortch,Corporate,2009-01-10,2011-07-27,6,18914.45,3983.76,Repeat,3152.41
CUST-0444,Jason Klamczynski,Home Office,2009-10-10,2010-03-03,2,18910.79,-913.65,Repeat,9455.4
CUST-0096,Bart Watters,Corporate,2010-08-09,2012-12-03,5,18834.22,4821.98,Repeat,3766.84
CUST-0514,Justin Knight,Corporate,2009-02-19,2011-12-14,8,18807.25,1365.63,Repeat,2350.91
CUST-0300,Doug Bickford,Corporate,2010-01-16,2012-11-15,10,18806.09,-666.93,Repeat,1880.61
CUST-0396,Guy Armstrong,Corporate,2009-03-05,2012-11-29,10,18803.82,-974.55,Repeat,1880.38
CUST-0163,Carlos Daly,Home Office,2009-03-13,2012-06-29,5,18753.13,5554.57,Repeat,3750.63
CUST-0898,Stuart Calhoun,Consumer,2009-01-19,2011-09-18,6,18745.64,1579.36,Repeat,3124.27
CUST-0398,Guy Thornton,Corporate,2009-01-12,2012-07-02,7,18690.38,4819.1,Repeat,2670.05
CUST-0655,Michael Dominguez,Home Office,2009-01-24,2012-10-11,16,18670.64,2352.91,Repeat,1166.92
CUST-0710,Neil French,Consumer,2009-05-11,2012-07-16,5,18629.9,1833.94,Repeat,3725.98
CUST-0960,Tracy Collins,Consumer,2009-01-06,2012-06-10,6,18607.13,4429.33,Repeat,3101.19
CUST-0787,Resi Polking,Small Business,2009-03-12,2012-03-29,9,18598.79,3615.17,Repeat,2066.53
CUST-0368,Gary Zandusky,Home Office,2009-06-03,2012-10-26,7,18544.04,2815.91,Repeat,2649.15
CUST-0719,Nicole Brennan,Consumer,2009-02-11,2012-09-14,6,18526.7,-2116.07,Repeat,3087.78
CUST-0531,Katherine Nockton,Home Office,2009-10-05,2012-06-06,5,18474.2,-1115.31,Repeat,3694.84
CUST-0613,Maria Bertelson,Corporate,2011-09-16,2012-01-24,3,18466.24,1704.25,Repeat,6155.41
CUST-0412,Helen Andreada,Corporate,2009-12-16,2012-10-30,10,18378.8,1200.27,Repeat,1837.88
CUST-0311,Ed Ludwig,Consumer,2009-08-24,2012-07-12,7,18368.42,5101.32,Repeat,2624.06
CUST-0015,Alan Hwang,Corporate,2009-11-09,2012-11-11,11,18349.21,794.71,Repeat,1668.11
CUST-0390,Greg Guthrie,Small Business,2009-05-06,2010-11-17,6,18345.51,2402.46,Repeat,3057.58
CUST-0349,Evan Minnotte,Corporate,2009-03-01,2010-12-22,6,18286.06,-126.3,Repeat,3047.68
CUST-0571,Laurel Elliston,Home Office,2011-06-22,2012-10-18,3,18175.17,4124.93,Repeat,6058.39
CUST-0941,Toby Grace,Home Office,2011-06-20,2012-09-24,5,18129.86,6324.2,Repeat,3625.97
CUST-0987,Xylona Price,Corporate,2009-01-16,2012-12-06,7,18037.09,1124.22,Repeat,2576.73
CUST-0440,Jas O'Carroll,Corporate,2009-10-04,2011-11-18,7,18017.78,546.66,Repeat,2573.97
CUST-0860,Sean Braxton,Small Business,2009-08-22,2012-03-28,6,17969.39,365.94,Repeat,2994.9
CUST-0432,James Galang,Consumer,2009-04-15,2012-04-07,8,17932.79,469.76,Repeat,2241.6
CUST-0247,Darren Budd,Corporate,2009-11-24,2012-10-31,8,17671.72,1113.14,Repeat,2208.96
CUST-0543,Kelly Andreada,Home Office,2009-02-06,2012-10-15,8,17624.82,1772.35,Repeat,2203.1
CUST-0908,Susan Vittorini,Home Office,2009-01-05,2012-02-14,6,17584.61,3343.75,Repeat,2930.77
CUST-0133,Brendan Dodson,Corporate,2009-07-27,2012-05-21,6,17576.67,3606.84,Repeat,2929.44
CUST-0879,Sibella Parks,Small Business,2009-12-28,2012-08-29,10,17557.87,2869.23,Repeat,1755.79
CUST-0295,Dorothy Badders,Home Office,2009-03-09,2011-10-03,5,17521.09,-3779.63,Repeat,3504.22
CUST-0751,Paul Van Hugh,Consumer,2009-08-07,2012-03-04,3,17485.01,643.31,Repeat,5828.34
CUST-0920,Tanja Norvell,Corporate,2009-01-20,2012-09-16,8,17447.1,652.53,Repeat,2180.89
CUST-0196,Christine Sundaresam,Small Business,2009-02-04,2011-10-29,9,17420.85,-1653.43,Repeat,1935.65
CUST-0661,Michael Nguyen,Small Business,2009-12-21,2011-03-15,3,17409.38,4427.07,Repeat,5803.13
CUST-0011,Alan Barnes,Corporate,2009-01-11,2012-10-06,10,17328.99,4252.26,Repeat,1732.9
CUST-0410,Heather Kirkland,Home Office,2009-03-11,2012-03-15,4,17307.55,851.32,Repeat,4326.89
CUST-0554,Ken Lonsdale,Consumer,2009-10-07,2012-11-01,10,17304.68,4030.24,Repeat,1730.47
CUST-0453,Jennifer Halladay,Home Office,2010-03-08,2012-12-15,5,17299.48,4512.4,Repeat,3459.9
CUST-0431,Jack O'Briant,Small Business,2009-03-22,2012-10-24,10,17129.96,2318.02,Repeat,1713.0
CUST-0191,Christina DeMoss,Home Office,2009-03-05,2012-03-26,5,17080.13,1272.44,Repeat,3416.03
CUST-0824,Ruben Ausman,Corporate,2009-02-23,2012-12-19,4,17061.6,2844.09,Repeat,4265.4
CUST-0497,Joy Smith,Consumer,2009-04-22,2011-04-09,9,16983.93,3253.36,Repeat,1887.1
CUST-0184,Charles Sheldon,Corporate,2009-06-17,2011-01-14,3,16978.67,297.47,Repeat,5659.56
CUST-0547,Kelly Williams,Corporate,2009-03-22,2012-11-20,9,16900.59,-2026.8,Repeat,1877.84
CUST-0235,Cyra Reiten,Consumer,2010-08-08,2012-10-02,4,16834.37,-8529.67,Repeat,4208.59
CUST-0799,Rick Wilson,Corporate,2009-06-11,2012-12-10,7,16806.47,1763.51,Repeat,2400.92
CUST-0856,Scot Coram,Corporate,2009-04-02,2012-07-25,6,16775.26,-951.78,Repeat,2795.88
CUST-0281,Dennis Bolton,Small Business,2009-03-07,2012-09-21,9,16705.44,2761.41,Repeat,1856.16
CUST-0086,Barry Blumstein,Small Business,2009-09-25,2012-02-05,6,16694.45,3485.73,Repeat,2782.41
CUST-0781,Randy Bradley,Corporate,2010-05-27,2012-08-10,2,16598.0,2912.66,Repeat,8299.0
CUST-0305,Duane Huffman,Consumer,2009-06-29,2012-06-15,8,16580.57,765.58,Repeat,2072.57
CUST-0985,William Brown,Corporate,2009-03-23,2012-12-20,9,16543.42,-1435.4,Repeat,1838.16
CUST-0775,Quincy Jones,Small Business,2010-08-10,2012-07-16,6,16502.39,2446.71,Repeat,2750.4
CUST-0452,Jennifer Ferguson,Home Office,2009-03-27,2012-12-03,4,16496.35,1507.11,Repeat,4124.09
CUST-0421,Hunter Lopez,Consumer,2009-12-14,2012-11-10,4,16454.35,-193.71,Repeat,4113.59
CUST-0132,Brenda Bowman,Small Business,2010-02-08,2012-03-14,7,16450.67,-438.94,Repeat,2350.1
CUST-0802,Rob Dowd,Corporate,2009-07-15,2012-09-13,8,16448.43,3612.9,Repeat,2056.05
CUST-0753,Pauline Chand,Corporate,2009-07-17,2012-11-18,10,16432.94,1703.95,Repeat,1643.29
CUST-0448,Jay Kimmel,Small Business,2011-05-11,2012-04-23,3,16429.3,1470.49,Repeat,5476.43
CUST-0114,Bill Shonely,Small Business,2009-05-21,2012-09-27,7,16405.35,1210.64,Repeat,2343.62
CUST-0773,Quincy Jones,Corporate,2009-05-22,2012-12-29,8,16380.94,-82.08,Repeat,2047.62
CUST-0022,Alejandro Savely,Corporate,2009-06-03,2010-12-13,4,16337.61,2248.49,Repeat,4084.4
CUST-0771,Phillip Flathmann,Small Business,2009-02-15,2012-08-23,9,16286.3,477.26,Repeat,1809.59
CUST-0012,Alan Dominguez,Corporate,2009-07-28,2012-02-19,5,16282.76,-6310.54,Repeat,3256.55
CUST-0394,Greg Maxwell,Home Office,2009-08-05,2012-05-05,3,16229.69,3995.03,Repeat,5409.9
CUST-0186,Chloris Kastensmidt,Consumer,2009-01-07,2009-08-15,2,16178.89,2704.64,Repeat,8089.44
CUST-0351,Frank Atkinson,Corporate,2010-06-30,2012-10-27,5,16155.57,1467.1,Repeat,3231.11
CUST-0217,Corey Catlett,Home Office,2010-08-16,2012-06-13,5,16032.24,-361.48,Repeat,3206.45
CUST-0257,Dave Kipp,Consumer,2009-04-12,2012-10-25,4,16026.45,-11116.83,Repeat,4006.61
CUST-0540,Keith Dawkins,Home Office,2009-02-27,2012-03-02,13,16010.5,1236.11,Repeat,1231.58
CUST-0788,Ricardo Block,Corporate,2009-02-05,2011-04-05,5,16004.68,-1024.84,Repeat,3200.94
CUST-0411,Helen Abelman,Home Office,2010-05-03,2011-09-26,5,15996.56,2452.46,Repeat,3199.31
CUST-0264,David Philippe,Consumer,2009-01-02,2012-11-03,9,15976.53,-701.91,Repeat,1775.17
CUST-0201,Christopher Schild,Corporate,2009-03-27,2011-03-28,8,15970.54,1464.26,Repeat,1996.32
CUST-0851,Sara Luxemburg,Small Business,2009-05-11,2012-03-29,10,15917.48,-269.72,Repeat,1591.75
CUST-0732,Nora Price,Small Business,2009-04-03,2012-09-15,11,15793.83,3071.44,Repeat,1435.8
CUST-0740,Patrick Gardner,Consumer,2009-08-22,2012-03-30,5,15785.51,3285.36,Repeat,3157.1
CUST-0328,Eric Barreto,Small Business,2009-03-18,2012-05-27,9,15753.54,2716.59,Repeat,1750.39
CUST-0750,Paul Stevenson,Corporate,2010-03-27,2012-06-13,4,15715.43,493.75,Repeat,3928.86
CUST-0712,Neil Knudson,Corporate,2009-08-27,2012-11-06,8,15693.04,2111.59,Repeat,1961.63
CUST-0408,Harry Marie,Consumer,2010-06-19,2012-07-26,5,15678.46,-1806.87,Repeat,3135.69
CUST-0019,Alejandro Ballentine,Small Business,2010-02-06,2012-01-04,5,15672.39,942.95,Repeat,3134.48
CUST-0050,Angele Hood,Consumer,2009-12-12,2012-11-04,3,15650.15,1408.59,Repeat,5216.72
CUST-0377,Georgia Rosenberg,Consumer,2009-05-01,2012-02-08,8,15647.49,2364.92,Repeat,1955.94
CUST-0834,Sally Knutson,Corporate,2009-04-29,2012-09-20,6,15645.42,-428.31,Repeat,2607.57
CUST-0388,Grant Thornton,Corporate,2009-04-07,2012-12-02,12,15596.55,3424.3,Repeat,1299.71
CUST-0254,Dave Brooks,Corporate,2009-01-31,2010-03-13,4,15540.07,-331.97,Repeat,3885.02
CUST-0605,Luke Weiss,Corporate,2010-05-14,2012-12-11,7,15534.39,4536.11,Repeat,2219.2
CUST-0774,Quincy Jones,Home Office,2009-03-05,2012-08-14,5,15515.24,3827.5,Repeat,3103.05
CUST-0593,Liz Pelletier,Corporate,2009-10-19,2012-04-11,6,15380.89,848.62,Repeat,2563.48
CUST-0847,Sanjit Jacobs,Consumer,2009-01-16,2011-10-03,8,15371.42,863.61,Repeat,1921.43
CUST-0289,Dianna Vittorini,Corporate,2009-05-25,2012-08-12,8,15314.54,3897.54,Repeat,1914.32
CUST-0820,Roy French,Consumer,2009-04-09,2011-09-02,5,15290.05,1236.39,Repeat,3058.01
CUST-0107,Beth Fritzler,Small Business,2009-03-14,2011-11-20,4,15287.67,306.61,Repeat,3821.92
CUST-0387,Grant Donatelli,Consumer,2009-02-08,2012-09-12,4,15285.53,-1093.84,Repeat,3821.38
CUST-0892,Steve Nguyen,Small Business,2009-05-07,2012-11-16,7,15250.51,2003.8,Repeat,2178.64
CUST-0927,Theone Pippenger,Corporate,2009-06-12,2012-10-04,7,15223.73,-1400.14,Repeat,2174.82
CUST-0088,Barry French,Consumer,2010-03-12,2012-10-01,3,15179.61,-1425.97,Repeat,5059.87
CUST-0660,Michael Moore,Corporate,2009-02-11,2012-08-26,5,15077.85,-55.79,Repeat,3015.57
CUST-0940,Toby Carlisle,Home Office,2010-09-19,2012-09-16,6,15070.04,3826.09,Repeat,2511.67
CUST-0730,Nora Pelletier,Home Office,2009-04-07,2012-01-21,4,14980.88,3576.68,Repeat,3745.22
CUST-0316,Edward Nazzal,Small Business,2010-09-30,2012-11-18,3,14973.15,5071.87,Repeat,4991.05
CUST-0162,Carlos Daly,Corporate,2009-08-26,2012-11-01,5,14971.61,3663.88,Repeat,2994.32
CUST-0220,Corinna Mitchell,Corporate,2009-06-21,2011-02-25,3,14938.99,1636.97,Repeat,4979.66
CUST-0062,Anne Pryor,Home Office,2009-07-17,2011-02-12,6,14932.09,-866.56,Repeat,2488.68
CUST-0277,Denise Leinenbach,Corporate,2009-12-19,2009-12-19,1,14922.16,545.7,New,14922.16
CUST-0718,Nick Zandusky,Small Business,2009-02-06,2011-06-12,7,14815.81,-1185.28,Repeat,2116.54
CUST-0389,Greg Guthrie,Corporate,2010-03-29,2011-03-26,6,14744.91,-1462.99,Repeat,2457.48
CUST-0533,Katrina Bavinger,Home Office,2009-02-24,2009-02-24,1,14744.28,3405.89,New,14744.28
CUST-0671,Michelle Lonsdale,Home Office,2011-03-28,2012-09-19,5,14740.21,4422.78,Repeat,2948.04
CUST-0878,Shui Tom,Home Office,2011-04-05,2011-04-05,1,14713.37,4541.37,New,14713.37
CUST-0728,Nora Paige,Small Business,2009-03-29,2012-12-26,10,14691.32,1764.6,Repeat,1469.13
CUST-0913,Sylvia Foulston,Home Office,2009-11-02,2012-02-14,2,14643.61,-1302.76,Repeat,7321.81
CUST-0706,Nathan Gelder,Home Office,2009-05-23,2012-08-06,5,14532.89,2188.05,Repeat,2906.58
CUST-0366,Gary McGarr,Home Office,2009-07-27,2011-11-19,7,14519.93,973.47,Repeat,2074.28
CUST-0783,Randy Ferguson,Corporate,2010-02-27,2012-05-23,3,14490.77,839.53,Repeat,4830.26
CUST-0054,Ann Steele,Corporate,2009-01-03,2012-12-09,7,14490.02,-1153.97,Repeat,2070.0
CUST-0550,Ken Brennan,Home Office,2010-12-01,2012-03-13,4,14334.76,964.27,Repeat,3583.69
CUST-0429,Jack O'Briant,Consumer,2009-08-13,2011-06-27,7,14299.4,6.36,Repeat,2042.77
CUST-0083,Ashley Jarboe,Small Business,2009-03-30,2012-08-12,6,14295.44,2856.26,Repeat,2382.57
CUST-0255,Dave Hallsten,Corporate,2009-07-04,2012-11-30,4,14279.95,160.49,Repeat,3569.99
CUST-0630,MaryBeth Skach,Home Office,2009-08-14,2012-08-01,6,14278.5,3301.61,Repeat,2379.75
CUST-0562,Kristina Nunn,Consumer,2009-01-10,2012-07-28,7,14244.18,532.71,Repeat,2034.88
CUST-0813,Roland Black,Small Business,2009-09-25,2012-12-27,6,14228.59,2206.8,Repeat,2371.43
CUST-0263,David Kendrick,Home Office,2009-04-10,2012-04-07,8,14189.54,326.96,Repeat,1773.69
CUST-0596,Liz Price,Corporate,2009-03-23,2012-10-07,7,14182.64,1969.28,Repeat,2026.09
CUST-0713,Neil Knudson,Home Office,2009-04-27,2011-10-31,6,14165.33,1909.49,Repeat,2360.89
CUST-0932,Thomas Boland,Corporate,2009-03-18,2012-06-08,7,14160.67,1086.86,Repeat,2022.95
CUST-0676,Mick Brown,Consumer,2009-02-15,2010-08-09,4,14156.22,2471.4,Repeat,3539.06
CUST-0160,Carl Ludwig,Corporate,2010-01-14,2011-03-23,5,14143.66,-919.46,Repeat,2828.73
CUST-0391,Greg Hansen,Home Office,2010-09-17,2012-03-24,5,14132.98,5708.26,Repeat,2826.6
CUST-0288,Dianna Arnett,Home Office,2009-06-14,2012-03-26,5,14132.79,3547.17,Repeat,2826.56
CUST-0707,Nathan Mautz,Corporate,2009-03-01,2012-08-12,10,14129.09,-9544.25,Repeat,1412.91
CUST-0757,Penelope Sewall,Home Office,2010-01-24,2012-09-18,7,14089.91,488.55,Repeat,2012.84
CUST-0726,Nona Balk,Corporate,2009-11-23,2012-07-29,6,14075.32,1561.6,Repeat,2345.89
CUST-0101,Ben Peterman,Corporate,2009-07-31,2012-10-28,5,14044.88,2519.59,Repeat,2808.98
CUST-0899,Stuart Van,Consumer,2009-04-08,2012-12-13,5,14040.89,529.77,Repeat,2808.18
CUST-0353,Frank Gastineau,Small Business,2010-12-06,2012-03-19,4,14006.92,-572.71,Repeat,3501.73
CUST-0669,Michelle Huthwaite,Home Office,2009-01-13,2012-06-18,7,13895.81,1703.48,Repeat,1985.12
CUST-0310,Ed Jacobs,Small Business,2009-09-15,2011-09-05,5,13887.67,888.13,Repeat,2777.53
CUST-0627,Mark Van Huff,Home Office,2009-12-15,2012-01-04,3,13864.8,-657.2,Repeat,4621.6
CUST-0748,Paul MacIntyre,Corporate,2009-09-11,2012-07-14,6,13812.44,2705.06,Repeat,2302.07
CUST-0689,Mitch Webber,Corporate,2009-05-25,2011-10-25,5,13806.53,-2185.86,Repeat,2761.31
CUST-0583,Lindsay Castell,Corporate,2009-08-21,2012-05-22,4,13721.2,3441.94,Repeat,3430.3
CUST-0758,Pete Armstrong,Consumer,2010-09-25,2012-07-09,5,13712.17,2433.45,Repeat,2742.43
CUST-0081,Arthur Wiediger,Corporate,2009-05-18,2012-09-05,3,13690.79,1042.95,Repeat,4563.6
CUST-0342,Eugene Barchas,Corporate,2009-01-30,2011-04-02,4,13670.4,1302.35,Repeat,3417.6
CUST-0463,Jill Matthias,Consumer,2009-02-26,2012-10-22,7,13624.05,-5627.71,Repeat,1946.29
CUST-0284,Dennis Pardue,Small Business,2010-01-02,2012-10-13,5,13620.49,1810.46,Repeat,2724.1
CUST-0427,Jack Garza,Corporate,2009-09-26,2012-10-05,6,13571.35,700.87,Repeat,2261.89
CUST-0743,Patrick O'Donnell,Home Office,2009-08-28,2012-12-06,8,13551.11,545.9,Repeat,1693.89
CUST-0159,Carl Jackson,Home Office,2010-01-25,2012-11-21,3,13452.8,3513.42,Repeat,4484.27
CUST-0065,Annie Thurman,Home Office,2010-07-21,2012-12-21,5,13435.6,3018.6,Repeat,2687.12
CUST-0767,Philip Fox,Home Office,2009-11-29,2012-12-12,5,13433.41,2065.93,Repeat,2686.68
CUST-0551,Ken Dana,Corporate,2010-04-20,2012-09-29,3,13408.68,2061.92,Repeat,4469.56
CUST-0299,Dorris Love,Home Office,2009-01-05,2012-11-05,6,13340.84,3998.98,Repeat,2223.47
CUST-0736,Pamela Stobb,Consumer,2009-03-22,2012-10-29,5,13306.16,2901.34,Repeat,2661.23
CUST-0632,Matt Abelman,Consumer,2009-08-10,2010-12-28,2,13275.98,-70.79,Repeat,6637.99
CUST-0776,Rachel Payne,Consumer,2009-10-30,2012-09-09,6,13246.14,2350.5,Repeat,2207.69
CUST-0520,Karen Daniels,Consumer,2010-01-29,2011-11-15,4,13235.8,-2649.46,Repeat,3308.95
CUST-0843,Sandra Flanagan,Home Office,2009-01-08,2012-09-15,6,13156.32,385.46,Repeat,2192.72
CUST-0040,Amy Hunt,Home Office,2009-01-22,2012-08-28,7,13137.8,2015.88,Repeat,1876.83
CUST-0528,Katherine Hughes,Consumer,2009-01-29,2012-10-26,6,13096.35,263.11,Repeat,2182.72
CUST-0944,Toby Swindell,Small Business,2009-01-14,2012-02-11,7,13089.79,-1624.96,Repeat,1869.97
CUST-0733,Odella Nelson,Small Business,2009-04-04,2012-10-24,9,13080.81,679.19,Repeat,1453.42
CUST-0959,Tracy Blumstein,Home Office,2009-04-06,2012-02-17,5,13049.66,2033.96,Repeat,2609.93
CUST-0450,Jennifer Braxton,Small Business,2009-11-24,2012-06-29,6,13013.14,793.15,Repeat,2168.86
CUST-0415,Henia Zydlo,Home Office,2009-02-04,2012-10-31,4,12998.33,-1154.85,Repeat,3249.58
CUST-0984,Vivian Mathis,Home Office,2009-06-29,2012-02-12,7,12985.57,1845.84,Repeat,1855.08
CUST-0138,Brian Derr,Small Business,2011-10-12,2012-03-28,2,12976.4,207.09,Repeat,6488.2
CUST-0285,Denny Blanton,Home Office,2009-03-13,2011-08-16,4,12969.19,-1394.4,Repeat,3242.3
CUST-0302,Doug Jacobs,Home Office,2010-03-03,2012-09-09,4,12966.24,4214.15,Repeat,3241.56
CUST-0877,Shui Tom,Consumer,2010-05-17,2012-04-23,3,12959.07,2597.22,Repeat,4319.69
CUST-0946,Todd Boyes,Small Business,2009-07-21,2012-09-13,8,12955.99,2916.55,Repeat,1619.5
CUST-0029,Alice McCarthy,Corporate,2009-07-12,2012-04-18,7,12924.49,1477.61,Repeat,1846.36
CUST-0287,Denny Ordway,Small Business,2009-04-17,2012-10-30,7,12916.31,1724.69,Repeat,1845.19
CUST-0971,Valerie Mitchum,Home Office,2011-01-03,2012-09-24,4,12911.43,2430.31,Repeat,3227.86
CUST-0874,Shirley Daniels,Corporate,2012-02-11,2012-09-17,2,12897.49,1806.36,Repeat,6448.74
CUST-0883,Sonia Sunley,Small Business,2009-02-04,2012-03-23,8,12881.0,2973.25,Repeat,1610.12
CUST-0717,Nick Radford,Corporate,2009-09-13,2012-08-15,5,12877.18,-682.01,Repeat,2575.44
CUST-0641,Maureen Fritzler,Corporate,2010-06-16,2012-04-17,6,12873.38,3931.42,Repeat,2145.56
CUST-0560,Kristen Hastings,Corporate,2009-01-18,2012-01-08,3,12871.99,2958.37,Repeat,4290.66
CUST-0934,Thomas Seio,Home Office,2009-08-02,2011-04-11,3,12864.07,1419.29,Repeat,4288.02
CUST-0871,Shaun Chance,Corporate,2009-08-10,2011-10-21,9,12748.14,1867.19,Repeat,1416.46
CUST-0522,Karen Ferguson,Home Office,2009-05-19,2012-10-17,4,12553.79,11.95,Repeat,3138.45
CUST-0884,Speros Goranitis,Corporate,2009-09-05,2012-10-07,7,12539.34,1686.17,Repeat,1791.33
CUST-0066,Anthony Garverick,Small Business,2009-04-02,2011-02-18,7,12532.47,-374.7,Repeat,1790.35
CUST-0982,Vivian Mathis,Consumer,2011-08-17,2012-11-06,3,12529.57,-195.25,Repeat,4176.52
CUST-0833,Sally Knutson,Consumer,2009-08-23,2012-03-23,7,12457.96,876.22,Repeat,1779.71
CUST-0948,Tom Ashbrook,Home Office,2010-03-05,2011-02-11,3,12422.87,2018.68,Repeat,4140.96
CUST-0861,Sean Christensen,Home Office,2009-03-17,2011-09-04,6,12361.17,1533.13,Repeat,2060.19
CUST-0382,Giulietta Weimer,Corporate,2009-01-15,2012-12-25,5,12354.27,-2132.05,Repeat,2470.85
CUST-0885,Stefania Perrino,Corporate,2009-05-17,2012-09-11,5,12332.51,1660.38,Repeat,2466.5
CUST-0938,Tim Taslimi,Corporate,2009-12-28,2012-08-27,6,12331.79,1083.38,Repeat,2055.3
CUST-0722,Nicole Hansen,Corporate,2009-02-18,2009-02-18,1,12304.27,707.02,New,12304.27
CUST-0513,Justin Hirsh,Consumer,2009-08-05,2012-07-21,11,12303.67,358.76,Repeat,1118.52
CUST-0591,Liz Carlisle,Corporate,2009-07-17,2012-11-05,9,12282.8,1596.38,Repeat,1364.76
CUST-0981,Vivek Sundaresam,Home Office,2010-03-24,2012-12-14,8,12155.53,-1474.58,Repeat,1519.44
CUST-0552,Ken Dana,Small Business,2009-07-06,2011-11-19,5,12121.79,-484.43,Repeat,2424.36
CUST-0581,Linda Cazamias,Corporate,2009-09-17,2009-09-18,2,12119.77,4264.06,Repeat,6059.88
CUST-0956,Tony Molinari,Corporate,2009-05-19,2012-12-30,6,12002.08,-1093.74,Repeat,2000.35
CUST-0403,Harold Engle,Consumer,2009-12-02,2012-03-15,6,11907.21,2499.19,Repeat,1984.54
CUST-0268,Dean Katz,Home Office,2009-02-04,2012-01-08,5,11861.51,710.18,Repeat,2372.3
CUST-0291,Dionis Lloyd,Small Business,2009-03-24,2012-08-09,7,11855.35,-274.17,Repeat,1693.62
CUST-0962,Tracy Hopkins,Small Business,2009-05-25,2012-03-19,5,11853.52,1891.07,Repeat,2370.7
CUST-0339,Erin Mull,Small Business,2009-09-25,2012-04-17,6,11832.74,1424.14,Repeat,1972.12
CUST-0872,Shaun Weien,Home Office,2009-09-06,2012-05-10,4,11813.18,2024.06,Repeat,2953.3
CUST-0791,Richard Eichhorn,Consumer,2010-04-10,2012-12-23,4,11783.85,171.08,Repeat,2945.96
CUST-0049,Anemone Ratner,Small Business,2010-02-26,2012-10-04,6,11764.88,-57.2,Repeat,1960.81
CUST-0866,Shahid Collister,Home Office,2009-11-08,2012-03-16,2,11728.45,2137.96,Repeat,5864.23
CUST-0880,Skye Norling,Home Office,2009-01-15,2012-01-20,5,11710.83,2232.49,Repeat,2342.17
CUST-0827,Russell Applegate,Small Business,2009-01-22,2012-06-12,3,11679.38,1388.4,Repeat,3893.12
CUST-0293,Don Miller,Home Office,2009-09-16,2012-08-04,7,11676.57,1623.65,Repeat,1668.08
CUST-0001,Aaron Bergman,Corporate,2009-07-01,2011-05-28,5,11630.59,3025.84,Repeat,2326.12
CUST-0819,Roy Collins,Corporate,2009-04-09,2012-07-08,9,11626.16,1688.52,Repeat,1291.8
CUST-0210,Cindy Stewart,Corporate,2009-06-04,2012-08-30,6,11624.26,1573.38,Repeat,1937.38
CUST-0004,Adam Bellavance,Small Business,2009-05-15,2012-10-02,8,11577.58,-181.94,Repeat,1447.2
CUST-0918,Tamara Willingham,Home Office,2009-08-28,2009-08-28,1,11573.05,-2280.44,New,11573.05
CUST-0334,Erica Hernandez,Small Business,2009-04-28,2012-10-30,6,11552.29,-463.32,Repeat,1925.38
CUST-0106,Berenike Kampe,Corporate,2009-05-27,2012-03-03,5,11540.97,1278.5,Repeat,2308.19
CUST-0665,Michelle Arnett,Home Office,2009-09-24,2012-10-25,7,11529.58,209.5,Repeat,1647.08
CUST-0041,Amy Hunt,Small Business,2009-12-18,2012-10-30,5,11516.59,1983.18,Repeat,2303.32
CUST-0863,Sean O'Donnell,Corporate,2009-01-27,2012-09-14,10,11506.36,2411.67,Repeat,1150.64
CUST-0046,Andy Gerbode,Consumer,2009-01-11,2011-12-17,5,11498.09,1757.46,Repeat,2299.62
CUST-0923,Thais Sissman,Corporate,2009-02-13,2012-04-13,5,11493.16,-614.78,Repeat,2298.63
CUST-0683,Mike Kennedy,Small Business,2010-01-22,2011-02-19,3,11464.75,3117.22,Repeat,3821.58
CUST-0589,Lisa Hazard,Home Office,2009-08-19,2012-11-15,6,11459.3,3006.16,Repeat,1909.88
CUST-0072,Anthony Witt,Corporate,2012-02-19,2012-12-24,4,11434.64,-1568.37,Repeat,2858.66
CUST-0478,John Dryer,Corporate,2009-03-16,2010-10-02,8,11427.09,1173.96,Repeat,1428.39
CUST-0090,Barry Gonzalez,Small Business,2009-08-14,2012-07-22,6,11390.91,1856.7,Repeat,1898.49
CUST-0275,Deirdre Greer,Home Office,2010-05-25,2012-02-17,2,11346.65,3086.06,Repeat,5673.33
CUST-0155,Cari Sayre,Home Office,2009-01-28,2012-05-30,4,11337.12,-295.18,Repeat,2834.28
CUST-0454,Jennifer Jackson,Home Office,2009-01-15,2012-12-29,7,11314.66,534.86,Repeat,1616.38
CUST-0068,Anthony Johnson,Small Business,2009-02-05,2011-08-19,7,11276.62,1459.21,Repeat,1610.95
CUST-0139,Brian Moss,Corporate,2009-02-23,2012-03-04,8,11195.68,528.57,Repeat,1399.46
CUST-0407,Harry Greene,Corporate,2010-11-07,2012-07-09,3,11194.87,2336.63,Repeat,3731.62
CUST-0924,Thais Sissman,Small Business,2009-02-10,2012-01-23,7,11182.29,-379.66,Repeat,1597.47
CUST-0614,Maria Bertelson,Home Office,2009-01-10,2012-03-02,12,11139.77,-11.11,Repeat,928.31
CUST-0313,Edward Becker,Home Office,2009-02-16,2011-04-12,6,11092.16,178.19,Repeat,1848.69
CUST-0935,Thomas Thornton,Consumer,2010-04-27,2012-06-11,7,11081.06,2141.88,Repeat,1583.01
CUST-0647,Max Ludwig,Corporate,2009-07-27,2011-01-04,4,10922.7,2542.22,Repeat,2730.68
CUST-0375,George Zrebassa,Home Office,2009-06-07,2012-09-22,5,10906.41,370.39,Repeat,2181.28
CUST-0060,Anne Pryor,Consumer,2009-07-06,2011-10-20,5,10890.59,1026.44,Repeat,2178.12
CUST-0656,Michael Grace,Corporate,2009-02-04,2012-12-15,8,10884.82,1748.34,Repeat,1360.6
CUST-0681,Mike Gockenbach,Consumer,2009-01-13,2011-09-12,6,10820.54,314.3,Repeat,1803.42
CUST-0570,Laurel Elliston,Corporate,2009-12-03,2011-12-02,6,10806.65,1401.86,Repeat,1801.11
CUST-0519,Karen Carlisle,Home Office,2009-09-30,2012-06-09,6,10792.53,2532.96,Repeat,1798.76
CUST-0853,Sarah Brown,Consumer,2009-08-04,2012-12-04,9,10778.67,1911.89,Repeat,1197.63
CUST-0854,Sarah Foster,Corporate,2009-08-15,2011-11-15,5,10735.57,936.83,Repeat,2147.11
CUST-0949,Tom Boeckenhauer,Corporate,2009-06-04,2012-10-18,7,10719.98,1384.02,Repeat,1531.43
CUST-0619,Maribeth Yedwab,Home Office,2010-04-22,2012-12-30,7,10653.82,-1109.55,Repeat,1521.97
CUST-0449,Jenna Caffey,Consumer,2009-04-06,2012-07-27,8,10648.51,-2088.28,Repeat,1331.06
CUST-0077,Arthur Gainer,Consumer,2009-01-19,2010-11-17,4,10648.14,2505.37,Repeat,2662.04
CUST-0635,Matt Collins,Consumer,2009-01-05,2011-03-04,5,10578.37,1171.46,Repeat,2115.67
CUST-0989,Yoseph Carroll,Consumer,2009-04-29,2012-10-18,7,10535.32,744.67,Repeat,1505.05
CUST-0397,Guy Phonely,Corporate,2009-01-22,2012-07-11,7,10399.88,133.97,Repeat,1485.7
CUST-0460,Jessica Myrick,Small Business,2009-01-01,2012-04-28,6,10295.92,-1297.49,Repeat,1715.99
CUST-0961,Tracy Collins,Corporate,2009-02-20,2011-10-26,5,10227.53,3003.55,Repeat,2045.51
CUST-0780,Ralph Knight,Consumer,2009-09-01,2012-01-08,7,10174.91,2011.74,Repeat,1453.56
CUST-0401,Harold Dahlen,Consumer,2009-04-05,2012-05-12,4,10159.9,1486.81,Repeat,2539.97
CUST-0848,Saphhira Shifley,Consumer,2009-11-26,2012-07-22,7,10104.87,1279.57,Repeat,1443.55
CUST-0881,Sonia Cooley,Corporate,2010-06-30,2012-08-22,5,10086.07,-2881.28,Repeat,2017.21
CUST-0058,Anna Haberlin,Corporate,2010-05-16,2011-08-30,4,10000.32,-376.23,Repeat,2500.08
CUST-0503,Julia West,Corporate,2011-03-17,2011-07-19,2,9913.33,-932.03,Repeat,4956.66
CUST-0901,Sung Chung,Home Office,2009-09-20,2012-12-10,4,9900.28,2542.23,Repeat,2475.07
CUST-0525,Karl Brown,Home Office,2009-06-15,2012-07-13,6,9830.16,1112.79,Repeat,1638.36
CUST-0626,Mark Packer,Small Business,2009-07-27,2011-02-27,7,9782.57,1499.62,Repeat,1397.51
CUST-0684,Mike Pelletier,Corporate,2009-09-05,2012-03-13,5,9774.42,141.23,Repeat,1954.88
CUST-0317,Eileen Kiefer,Consumer,2009-03-28,2011-10-03,5,9751.54,-192.52,Repeat,1950.31
CUST-0189,Chris Selesnick,Home Office,2009-11-29,2012-05-11,5,9718.65,2893.18,Repeat,1943.73
CUST-0810,Robert Waldorf,Home Office,2009-01-05,2011-09-08,5,9698.11,473.29,Repeat,1939.62
CUST-0322,Elpida Rittenbach,Consumer,2009-06-02,2011-08-08,5,9677.3,1331.09,Repeat,1935.46
CUST-0801,Rob Beeghly,Consumer,2009-03-12,2011-11-28,4,9664.17,-2039.87,Repeat,2416.04
CUST-0055,Anna Andreadi,Small Business,2009-10-02,2012-12-29,7,9639.53,308.47,Repeat,1377.08
CUST-0290,Dianna Wilson,Small Business,2010-01-14,2011-09-10,3,9611.36,-770.33,Repeat,3203.79
CUST-0731,Nora Price,Home Office,2009-03-10,2012-12-16,7,9606.01,-555.05,Repeat,1372.29
CUST-0461,Jesus Ocampo,Small Business,2009-06-18,2011-02-18,4,9561.57,2190.19,Repeat,2390.39
CUST-0082,Ashley Jarboe,Home Office,2009-04-07,2012-04-18,7,9539.61,2479.97,Repeat,1362.8
CUST-0073,Arianne Irving,Corporate,2009-08-23,2012-01-13,7,9516.26,979.54,Repeat,1359.47
CUST-0558,Kimberly Carter,Home Office,2010-09-30,2011-11-09,6,9485.41,828.72,Repeat,1580.9
CUST-0595,Liz Price,Consumer,2009-01-12,2012-11-07,6,9479.79,1757.74,Repeat,1579.96
CUST-0033,Alyssa Crouse,Corporate,2010-09-20,2012-11-30,5,9463.98,-4206.11,Repeat,1892.8
CUST-0494,Joseph Holt,Home Office,2009-09-26,2011-08-28,3,9426.5,1774.5,Repeat,3142.17
CUST-0258,Dave Kipp,Corporate,2009-03-27,2011-02-20,4,9375.72,-1813.76,Repeat,2343.93
CUST-0104,Benjamin Patterson,Corporate,2009-01-09,2012-10-23,8,9358.58,-1964.76,Repeat,1169.82
CUST-0256,Dave Hallsten,Home Office,2009-01-04,2012-12-02,7,9308.09,-124.57,Repeat,1329.73
CUST-0250,Darren Powers,Corporate,2009-01-10,2012-12-25,9,9287.36,-2368.78,Repeat,1031.93
CUST-0761,Peter Buhler,Consumer,2009-02-22,2012-08-19,5,9281.88,616.34,Repeat,1856.38
CUST-0568,Laura Armstrong,Small Business,2009-03-12,2012-08-22,6,9271.94,10.99,Repeat,1545.32
CUST-0677,Mick Crebagga,Corporate,2009-02-25,2011-01-15,4,9224.53,-644.38,Repeat,2306.13
CUST-0963,Tracy Poddar,Corporate,2010-09-26,2012-09-09,10,9212.67,2450.48,Repeat,921.27
CUST-0906,Susan Pistek,Home Office,2009-06-14,2012-07-30,6,9169.24,1528.34,Repeat,1528.21
CUST-0493,Joseph Airdo,Corporate,2010-08-22,2011-05-20,2,9115.16,2223.74,Repeat,4557.58
CUST-0663,Michael Paige,Small Business,2010-02-08,2012-10-09,5,9111.51,843.12,Repeat,1822.3
CUST-0228,Craig Yedwab,Corporate,2010-10-16,2012-05-12,4,9067.39,-311.3,Repeat,2266.85
CUST-0119,Bobby Odegard,Corporate,2009-07-15,2012-03-23,6,9026.1,394.52,Repeat,1504.35
CUST-0327,Eric Barreto,Consumer,2009-06-17,2011-09-03,8,9016.3,1706.6,Repeat,1127.04
CUST-0343,Eugene Barchas,Home Office,2010-05-06,2012-05-12,3,9015.81,1146.97,Repeat,3005.27
CUST-0975,Victoria Brennan,Small Business,2009-01-23,2012-08-13,8,9011.42,1380.97,Repeat,1126.43
CUST-0136,Brian Dahlen,Small Business,2009-11-14,2012-04-08,4,8989.49,-297.24,Repeat,2247.37
CUST-0123,Brad Norvell,Corporate,2009-06-25,2012-05-03,4,8982.56,937.43,Repeat,2245.64
CUST-0742,Patrick O'Brill,Home Office,2009-12-07,2012-03-17,7,8970.39,379.74,Repeat,1281.48
CUST-0400,Hallie Redmond,Small Business,2010-04-03,2012-06-29,5,8930.83,-3280.28,Repeat,1786.17
CUST-0211,Claire Good,Home Office,2009-05-13,2012-02-27,6,8867.94,-483.21,Repeat,1477.99
CUST-0003,Aaron Smayling,Small Business,2009-01-21,2012-01-19,8,8835.32,2114.4,Repeat,1104.42
CUST-0933,Thomas Brumley,Consumer,2009-03-10,2012-08-10,5,8819.56,-287.53,Repeat,1763.91
CUST-0358,Frank Price,Corporate,2010-04-29,2012-04-15,4,8811.62,2372.28,Repeat,2202.9
CUST-0694,Muhammed MacIntyre,Small Business,2009-12-16,2012-09-01,8,8796.42,-1100.07,Repeat,1099.55
CUST-0950,Tom Prescott,Small Business,2009-06-10,2012-11-11,11,8761.64,-719.88,Repeat,796.51
CUST-0549,Ken Brennan,Consumer,2009-01-26,2012-07-12,3,8723.5,-2942.87,Repeat,2907.83
CUST-0760,Pete Takahito,Corporate,2009-06-11,2012-11-10,5,8694.5,350.17,Repeat,1738.9
CUST-0333,Erica Hackney,Small Business,2010-01-15,2011-12-07,3,8608.35,2004.61,Repeat,2869.45
CUST-0586,Lindsay Williams,Corporate,2009-06-24,2012-09-12,3,8598.71,3462.96,Repeat,2866.24
CUST-0816,Rose O'Brian,Home Office,2009-03-08,2012-10-12,4,8584.65,2411.87,Repeat,2146.16
CUST-0952,Tom Stivers,Small Business,2009-03-30,2012-05-07,6,8526.77,1784.97,Repeat,1421.13
CUST-0922,Ted Trevino,Corporate,2010-02-10,2012-04-29,5,8520.81,275.35,Repeat,1704.16
CUST-0600,Logan Currie,Small Business,2010-08-20,2011-10-19,3,8520.4,901.19,Repeat,2840.13
CUST-0226,Craig Rider,Small Business,2009-07-09,2011-03-16,2,8502.27,2238.57,Repeat,4251.14
CUST-0573,Lauren Leatherbury,Corporate,2010-07-14,2012-04-21,9,8489.71,-369.6,Repeat,943.3
CUST-0886,Stefanie Holloman,Small Business,2009-01-26,2011-08-09,2,8451.08,-39.94,Repeat,4225.54
CUST-0966,Troy Staebel,Small Business,2009-03-24,2012-08-20,7,8422.81,-916.2,Repeat,1203.26
CUST-0274,Debra Catini,Small Business,2009-01-24,2012-10-21,8,8421.92,-1124.06,Repeat,1052.74
CUST-0699,Nat Carroll,Home Office,2009-03-24,2012-12-10,7,8415.25,677.51,Repeat,1202.18
CUST-0120,Bobby Trafton,Corporate,2011-09-03,2012-12-09,3,8413.79,1348.07,Repeat,2804.6
CUST-0507,Juliana Krohn,Small Business,2012-08-02,2012-08-02,1,8401.6,-683.53,New,8401.6
CUST-0292,Don Jones,Corporate,2009-07-22,2012-11-26,6,8399.32,-3345.88,Repeat,1399.89
CUST-0768,Philisse Overcash,Small Business,2011-06-22,2011-11-19,2,8396.5,2086.02,Repeat,4198.25
CUST-0891,Steve Nguyen,Consumer,2010-01-05,2012-10-23,6,8392.3,1559.04,Repeat,1398.72
CUST-0951,Tom Stivers,Corporate,2009-05-23,2012-01-23,4,8315.92,1282.89,Repeat,2078.98
CUST-0778,Ralph Arnett,Consumer,2009-05-28,2011-12-06,7,8292.69,-742.89,Repeat,1184.67
CUST-0897,Stewart Visinsky,Corporate,2010-07-27,2012-09-23,6,8284.94,27.85,Repeat,1380.82
CUST-0786,Raymond Fair,Small Business,2009-04-13,2012-08-19,8,8270.08,2039.87,Repeat,1033.76
CUST-0855,Sarah Jordon,Consumer,2009-12-18,2012-09-20,5,8199.34,-798.31,Repeat,1639.87
CUST-0723,Nicole Hansen,Small Business,2009-08-02,2012-05-04,7,8166.92,-1229.74,Repeat,1166.7
CUST-0078,Arthur Gainer,Corporate,2010-04-24,2011-03-10,2,8116.92,883.53,Repeat,4058.46
CUST-0926,Thea Hudgings,Consumer,2009-01-21,2012-12-16,8,8085.06,345.64,Repeat,1010.63
CUST-0830,Ryan Crowe,Small Business,2009-03-28,2012-12-02,6,8069.14,390.28,Repeat,1344.86
CUST-0170,Carol Darley,Small Business,2010-02-11,2012-12-11,4,8041.87,-1227.18,Repeat,2010.47
CUST-0474,Joel Eaton,Home Office,2009-01-17,2012-11-16,6,8024.36,748.91,Repeat,1337.39
CUST-0928,Theresa Coyne,Home Office,2010-03-07,2012-11-08,3,8019.35,390.21,Repeat,2673.12
CUST-0042,Andrew Allen,Corporate,2009-01-21,2012-02-02,5,8006.96,2412.55,Repeat,1601.39
CUST-0698,Naresj Patel,Small Business,2009-03-15,2012-08-10,5,7922.54,-900.95,Repeat,1584.51
CUST-0341,Eudokia Martin,Home Office,2009-04-05,2012-05-24,4,7913.36,1666.11,Repeat,1978.34
CUST-0348,Evan Henry,Corporate,2009-04-09,2012-12-25,8,7909.82,415.29,Repeat,988.73
CUST-0038,Amy Cox,Small Business,2009-01-15,2012-05-25,8,7884.94,1732.78,Repeat,985.62
CUST-0016,Alan Hwang,Small Business,2009-03-02,2012-02-23,6,7868.69,-829.2,Repeat,1311.45
CUST-0242,Daniel Byrd,Home Office,2009-03-15,2010-10-29,5,7865.08,-641.36,Repeat,1573.02
CUST-0198,Christopher Conant,Home Office,2009-03-21,2012-09-03,7,7858.92,-5772.79,Repeat,1122.7
CUST-0468,Jim Mitchum,Consumer,2009-08-14,2012-12-10,5,7852.36,442.5,Repeat,1570.47
CUST-0532,Katrina Bavinger,Consumer,2009-04-26,2012-11-28,4,7839.87,1854.1,Repeat,1959.97
CUST-0911,Sylvia Foulston,Consumer,2009-08-22,2009-08-22,1,7817.45,-1303.6,New,7817.45
CUST-0028,Alex Russell,Home Office,2009-01-03,2012-12-26,8,7813.32,1487.22,Repeat,976.67
CUST-0283,Dennis Pardue,Corporate,2010-02-02,2012-07-17,6,7752.49,-1207.43,Repeat,1292.08
CUST-0373,George Ashbrook,Small Business,2010-09-11,2012-06-11,4,7748.54,1736.02,Repeat,1937.14
CUST-0147,Bruce Stewart,Corporate,2009-10-21,2012-11-07,6,7739.62,1765.38,Repeat,1289.94
CUST-0195,Christine Phan,Small Business,2010-06-05,2012-08-15,4,7719.01,736.28,Repeat,1929.75
CUST-0122,Brad Eason,Small Business,2009-04-11,2012-10-08,7,7703.36,-473.36,Repeat,1100.48
CUST-0393,Greg Matthias,Small Business,2009-07-01,2009-12-25,2,7694.62,-4498.03,Repeat,3847.31
CUST-0914,Tamara Chand,Consumer,2009-03-24,2012-06-16,5,7676.21,-2455.04,Repeat,1535.24
CUST-0729,Nora Pelletier,Corporate,2009-07-16,2012-09-30,4,7668.0,566.55,Repeat,1917.0
CUST-0724,Noah Childs,Home Office,2009-03-19,2011-12-18,3,7636.62,657.9,Repeat,2545.54
CUST-0336,Erin Ashbrook,Consumer,2009-10-09,2012-10-18,7,7588.14,500.08,Repeat,1084.02
CUST-0538,Kean Takahito,Home Office,2009-07-01,2010-04-08,2,7570.14,848.31,Repeat,3785.07
CUST-0476,John Castell,Consumer,2009-07-21,2012-08-10,5,7557.49,-586.03,Repeat,1511.5
CUST-0545,Kelly Lampkin,Corporate,2009-04-08,2012-03-20,4,7553.91,2022.59,Repeat,1888.48
CUST-0363,Fred Wasserman,Home Office,2009-04-27,2011-09-12,7,7487.96,1005.98,Repeat,1069.71
CUST-0685,Mike Pelletier,Small Business,2012-09-12,2012-09-12,1,7468.86,2155.41,New,7468.86
CUST-0925,Thea Hendricks,Home Office,2011-05-20,2012-09-03,5,7459.05,653.85,Repeat,1491.81
CUST-0151,Bryan Spruell,Home Office,2010-05-10,2012-11-22,8,7428.24,-88.39,Repeat,928.53
CUST-0164,Carlos Meador,Consumer,2010-11-14,2010-11-14,1,7384.54,-2301.53,New,7384.54
CUST-0482,John Lucas,Corporate,2009-05-07,2012-04-12,5,7364.31,1635.01,Repeat,1472.86
CUST-0370,Gene McClure,Consumer,2009-02-04,2011-11-19,4,7313.16,-939.07,Repeat,1828.29
CUST-0329,Eric Hoffmann,Small Business,2009-09-15,2012-08-01,4,7300.17,471.96,Repeat,1825.04
CUST-0227,Craig Yedwab,Consumer,2010-01-28,2011-09-19,3,7293.48,1596.44,Repeat,2431.16
CUST-0084,Astrea Jones,Corporate,2009-05-21,2012-06-11,8,7290.12,-2741.61,Repeat,911.26
CUST-0053,Ann Chong,Corporate,2009-08-12,2012-03-03,3,7276.62,1457.29,Repeat,2425.54
CUST-0649,Maya Herman,Corporate,2009-08-15,2012-09-12,7,7274.61,-413.74,Repeat,1039.23
CUST-0340,Erin Smith,Home Office,2010-05-14,2012-05-28,4,7189.49,1399.97,Repeat,1797.37
CUST-0185,Charlotte Melton,Home Office,2009-06-21,2011-09-22,5,7188.12,2787.04,Repeat,1437.62
CUST-0108,Beth Paige,Consumer,2009-10-17,2011-05-30,4,7105.94,1406.63,Repeat,1776.49
CUST-0790,Richard Bierner,Small Business,2009-03-08,2012-08-14,5,7103.95,632.93,Repeat,1420.79
CUST-0704,Natalie Webber,Corporate,2009-01-18,2012-12-04,8,7076.91,2014.05,Repeat,884.61
CUST-0312,Edward Becker,Corporate,2009-02-10,2011-10-07,7,7057.4,821.86,Repeat,1008.2
CUST-0876,Shirley Schmidt,Corporate,2010-09-17,2012-12-29,3,7054.72,-460.56,Repeat,2351.57
CUST-0978,Vivek Gonzalez,Consumer,2010-04-23,2011-12-02,5,7054.69,-726.23,Repeat,1410.94
CUST-0970,Valerie Dominguez,Corporate,2009-01-05,2012-08-17,7,7052.12,787.0,Repeat,1007.45
CUST-0889,Steve Carroll,Consumer,2009-06-01,2012-08-03,5,7032.48,585.92,Repeat,1406.5
CUST-0579,Lena Hernandez,Home Office,2010-09-20,2012-09-16,4,7008.43,-794.87,Repeat,1752.11
CUST-0223,Craig Carroll,Small Business,2011-06-29,2012-04-05,2,6996.79,1468.59,Repeat,3498.4
CUST-0459,Jeremy Pistek,Corporate,2009-07-24,2012-12-15,8,6987.77,-1070.14,Repeat,873.47
CUST-0822,Roy Phan,Corporate,2009-01-21,2012-09-22,6,6945.25,920.33,Repeat,1157.54
CUST-0900,Sue Ann Reed,Consumer,2009-09-25,2011-12-11,5,6922.82,897.39,Repeat,1384.56
CUST-0063,Annie Cyprus,Home Office,2010-06-27,2011-08-31,4,6874.59,985.94,Repeat,1718.65
CUST-0491,Joni Wasserman,Consumer,2009-08-27,2012-12-03,8,6869.84,-1155.53,Repeat,858.73
CUST-0610,Marc Crier,Consumer,2009-02-01,2012-06-02,4,6868.9,923.17,Repeat,1717.22
CUST-0097,Becky Castell,Consumer,2009-12-09,2012-08-28,4,6868.31,-215.77,Repeat,1717.08
CUST-0539,Kean Thornton,Corporate,2010-07-26,2012-12-19,6,6832.89,-434.81,Repeat,1138.82
CUST-0492,Joseph Airdo,Consumer,2009-07-22,2012-04-27,10,6805.65,813.96,Repeat,680.57
CUST-0658,Michael Granlund,Home Office,2009-07-06,2010-10-25,5,6736.6,865.97,Repeat,1347.32
CUST-0369,Gene Hale,Consumer,2009-01-26,2011-09-24,6,6647.61,597.89,Repeat,1107.93
CUST-0381,Giulietta Dortch,Small Business,2009-05-13,2012-10-06,7,6637.97,-2376.47,Repeat,948.28
CUST-0691,Monica Federle,Corporate,2009-08-24,2012-11-06,7,6626.16,-18.65,Repeat,946.59
CUST-0215,Clay Rozendal,Corporate,2009-01-30,2011-07-10,4,6611.44,1698.44,Repeat,1652.86
CUST-0156,Cari Schnelling,Home Office,2010-12-24,2011-09-17,4,6552.15,966.18,Repeat,1638.04
CUST-0262,David Flashing,Home Office,2009-04-14,2012-09-03,5,6535.62,-720.46,Repeat,1307.12
CUST-0530,Katherine Nockton,Corporate,2010-03-01,2012-06-29,6,6531.32,438.06,Repeat,1088.55
CUST-0703,Natalie Webber,Consumer,2009-10-04,2011-08-16,7,6487.58,362.44,Repeat,926.8
CUST-0420,Hunter Glantz,Corporate,2012-02-23,2012-03-23,2,6445.83,-188.57,Repeat,3222.92
CUST-0030,Allen Armold,Home Office,2009-10-09,2012-08-30,4,6410.46,948.97,Repeat,1602.62
CUST-0839,Sam Craven,Home Office,2010-01-18,2012-05-05,6,6401.41,-1205.52,Repeat,1066.9
CUST-0673,Michelle Tran,Consumer,2009-12-20,2012-01-12,5,6390.5,-962.59,Repeat,1278.1
CUST-0032,Allen Rosenblatt,Small Business,2009-07-27,2012-11-29,6,6367.81,441.65,Repeat,1061.3
CUST-0700,Nat Gilpin,Consumer,2009-06-10,2012-04-29,7,6346.41,-327.69,Repeat,906.63
CUST-0659,Michael Kennedy,Corporate,2009-08-31,2012-06-27,5,6339.31,354.35,Repeat,1267.86
CUST-0974,Victor Price,Consumer,2009-01-06,2012-06-24,5,6329.39,1059.05,Repeat,1265.88
CUST-0378,Giulietta Baptist,Home Office,2010-08-20,2012-10-25,5,6292.67,1394.84,Repeat,1258.53
CUST-0808,Robert Dilbeck,Corporate,2009-02-07,2012-05-29,5,6232.9,1208.21,Repeat,1246.58
CUST-0320,Elizabeth Moffitt,Consumer,2009-01-02,2011-04-28,6,6207.64,686.16,Repeat,1034.61
CUST-0664,Michael Stewart,Small Business,2009-03-16,2012-08-21,5,6140.26,-567.83,Repeat,1228.05
CUST-0929,Theresa Swint,Consumer,2010-03-03,2012-12-30,5,6125.1,338.05,Repeat,1225.02
CUST-0585,Lindsay Shagiari,Home Office,2010-05-20,2012-10-28,5,6084.93,-3978.52,Repeat,1216.99
CUST-0755,Pauline Johnson,Corporate,2010-02-04,2010-02-24,3,6044.71,-623.03,Repeat,2014.9
CUST-0253,Darrin Van Huff,Home Office,2009-02-26,2012-12-08,6,6043.02,1141.24,Repeat,1007.17
CUST-0234,Cynthia Voltz,Corporate,2009-01-09,2012-07-26,5,6031.79,-529.18,Repeat,1206.36
CUST-0714,Neola Schneider,Home Office,2009-02-21,2011-05-30,4,6013.87,632.19,Repeat,1503.47
CUST-0018,Alan Shonely,Small Business,2011-04-11,2012-10-28,4,5907.21,766.03,Repeat,1476.8
CUST-0809,Robert Marley,Corporate,2009-06-01,2012-02-08,7,5860.37,-1199.59,Repeat,837.2
CUST-0784,Randy Ferguson,Home Office,2009-01-17,2012-05-22,6,5841.35,-1147.7,Repeat,973.56
CUST-0541,Keith Herrera,Corporate,2012-01-10,2012-01-10,1,5811.97,-434.15,New,5811.97
CUST-0868,Shahid Shariari,Consumer,2009-04-10,2011-07-27,5,5771.88,-1682.98,Repeat,1154.38
CUST-0473,Joe Kamberova,Small Business,2009-03-25,2011-08-06,2,5761.31,-700.02,Repeat,2880.66
CUST-0904,Susan Gilcrest,Home Office,2010-01-08,2011-08-15,3,5709.48,1638.03,Repeat,1903.16
CUST-0171,Carol Triggs,Corporate,2009-03-14,2009-03-14,1,5679.59,-1763.75,New,5679.59
CUST-0817,Ross Baird,Corporate,2009-09-19,2010-09-27,4,5602.63,-235.54,Repeat,1400.66
CUST-0607,Lycoris Saunders,Home Office,2010-10-12,2012-12-28,7,5589.0,-235.18,Repeat,798.43
CUST-0803,Rob Haberlin,Consumer,2009-01-10,2012-10-01,7,5585.97,409.19,Repeat,798.0
CUST-0392,Greg Matthias,Home Office,2009-01-12,2011-02-06,5,5561.63,338.69,Repeat,1112.33
CUST-0957,Tony Sayre,Home Office,2009-03-21,2012-10-12,8,5541.46,-882.38,Repeat,692.68
CUST-0168,Carol Adams,Corporate,2009-03-13,2012-04-08,4,5536.83,964.71,Repeat,1384.21
CUST-0456,Jeremy Ellison,Small Business,2009-12-14,2012-10-29,3,5524.13,903.33,Repeat,1841.38
CUST-0243,Daniel Lacy,Small Business,2009-08-21,2012-07-26,6,5490.0,-49.56,Repeat,915.0
CUST-0682,Mike Kennedy,Corporate,2009-03-15,2012-08-18,7,5465.01,1174.13,Repeat,780.72
CUST-0542,Keith Herrera,Small Business,2010-06-21,2010-07-03,3,5449.11,613.41,Repeat,1816.37
CUST-0969,Trudy Schmidt,Small Business,2009-03-06,2012-06-11,5,5428.99,1033.8,Repeat,1085.8
CUST-0376,George Zrebassa,Small Business,2010-05-31,2010-05-31,1,5418.68,332.3,New,5418.68
CUST-0805,Rob Lucas,Small Business,2010-11-04,2012-04-12,2,5395.09,-837.19,Repeat,2697.54
CUST-0794,Rick Hansen,Corporate,2009-06-13,2012-04-29,5,5384.93,-147.98,Repeat,1076.99
CUST-0608,Lynn Smith,Corporate,2009-03-26,2011-04-25,7,5371.4,-3630.27,Repeat,767.34
CUST-0875,Shirley Jackson,Corporate,2009-06-24,2011-10-10,5,5333.76,671.12,Repeat,1066.75
CUST-0536,Kean Nguyen,Corporate,2009-11-17,2011-01-04,3,5329.33,1420.94,Repeat,1776.44
CUST-0837,Sally Matthias,Corporate,2012-05-31,2012-05-31,1,5326.34,-583.27,New,5326.34
CUST-0233,Cynthia Delaney,Home Office,2010-04-01,2010-04-01,1,5288.89,547.04,New,5288.89
CUST-0267,Dean Braden,Corporate,2009-03-22,2011-03-13,2,5284.82,948.92,Repeat,2642.41
CUST-0687,Mitch Gastineau,Corporate,2011-06-17,2011-06-17,1,5264.48,-284.06,New,5264.48
CUST-0462,Jill Fjeld,Home Office,2010-07-17,2012-10-31,4,5215.44,156.78,Repeat,1303.86
CUST-0836,Sally Knutson,Small Business,2010-07-16,2010-07-16,1,5205.83,-818.77,New,5205.83
CUST-0777,Rachel Payne,Home Office,2011-04-09,2011-04-09,1,5188.14,139.69,New,5188.14
CUST-0953,Tom Zandusky,Home Office,2009-08-18,2012-11-25,3,5186.99,81.23,Repeat,1729.0
CUST-0580,Lena Radford,Small Business,2009-12-22,2012-12-27,7,5169.22,-576.58,Repeat,738.46
CUST-0835,Sally Knutson,Home Office,2011-08-01,2011-08-01,1,5140.08,-582.43,New,5140.08
CUST-0180,Chad McGuire,Small Business,2010-01-16,2012-02-07,4,5121.92,902.43,Repeat,1280.48
CUST-0621,Maris LaWare,Home Office,2010-12-26,2011-11-17,2,5062.99,1189.11,Repeat,2531.5
CUST-0903,Sung Shariari,Corporate,2009-09-09,2012-07-03,7,4984.61,574.29,Repeat,712.09
CUST-0091,Barry Pond,Consumer,2010-05-11,2012-06-22,5,4967.58,92.26,Repeat,993.52
CUST-0051,Ann Blume,Corporate,2009-11-22,2012-12-23,2,4862.31,-725.84,Repeat,2431.15
CUST-0968,Trudy Brown,Small Business,2009-10-27,2011-04-15,6,4784.59,761.21,Repeat,797.43
CUST-0772,Pierre Wener,Home Office,2009-11-04,2012-09-20,6,4751.86,456.36,Repeat,791.98
CUST-0870,Sharelle Roach,Home Office,2009-02-16,2010-10-26,3,4735.26,1304.62,Repeat,1578.42
CUST-0496,Joy Daniels,Corporate,2010-07-16,2012-12-24,3,4697.72,579.44,Repeat,1565.91
CUST-0115,Bill Stewart,Corporate,2009-11-02,2012-09-23,4,4652.33,-2305.2,Repeat,1163.08
CUST-0009,Adrian Shami,Consumer,2009-11-10,2012-11-26,5,4615.54,-1291.52,Repeat,923.11
CUST-0559,Kimberly Carter,Small Business,2009-03-18,2011-11-01,2,4611.71,893.7,Repeat,2305.85
CUST-0867,Shahid Hopkins,Small Business,2011-05-28,2012-08-20,6,4605.22,360.09,Repeat,767.54
CUST-0436,Jane Waco,Corporate,2010-10-06,2012-06-19,4,4598.55,832.18,Repeat,1149.64
CUST-0031,Allen Golden,Consumer,2010-09-10,2012-08-29,4,4582.39,525.73,Repeat,1145.6
CUST-0212,Claudia Miner,Small Business,2009-05-29,2012-08-04,6,4561.83,-379.42,Repeat,760.3
CUST-0569,Laurel Beltran,Consumer,2009-01-25,2012-04-11,4,4531.91,-917.4,Repeat,1132.98
CUST-0451,Jennifer Ferguson,Corporate,2009-11-28,2012-08-23,4,4502.32,512.83,Repeat,1125.58
CUST-0222,Craig Carroll,Corporate,2009-03-11,2011-10-31,5,4496.34,-251.54,Repeat,899.27
CUST-0749,Paul Prost,Corporate,2009-01-17,2011-03-23,8,4487.7,252.32,Repeat,560.96
CUST-0204,Chuck Magee,Corporate,2009-06-24,2012-09-18,4,4466.26,103.2,Repeat,1116.56
CUST-0651,Meg O'Connel,Small Business,2009-09-28,2012-11-05,5,4448.82,198.7,Repeat,889.76
CUST-0214,Clay Ludtke,Consumer,2012-04-16,2012-10-16,4,4428.07,517.04,Repeat,1107.02
CUST-0175,Catherine Glotzbach,Home Office,2010-01-12,2012-10-31,7,4412.02,-752.85,Repeat,630.29
CUST-0829,Ryan Akin,Consumer,2009-03-02,2011-03-31,3,4327.86,594.9,Repeat,1442.62
CUST-0356,Frank Merwin,Corporate,2009-08-31,2011-05-12,6,4320.53,378.08,Repeat,720.09
CUST-0177,Cathy Hwang,Home Office,2009-02-26,2009-10-01,2,4312.03,-102.04,Repeat,2156.02
CUST-0705,Nathan Cano,Consumer,2009-06-29,2012-07-10,5,4284.06,806.41,Repeat,856.81
CUST-0709,Neil Ducich,Home Office,2009-07-03,2010-09-17,4,4263.96,433.46,Repeat,1065.99
CUST-0270,Dean Percer,Home Office,2010-03-09,2012-06-24,5,4228.61,170.47,Repeat,845.72
CUST-0294,Don Weiss,Corporate,2009-03-27,2012-04-25,4,4208.05,315.62,Repeat,1052.01
CUST-0207,Cindy Chapman,Corporate,2009-01-28,2012-12-25,8,4199.81,863.61,Repeat,524.98
CUST-0418,Herbert Flentye,Small Business,2010-02-27,2010-12-07,3,4189.18,-1168.02,Repeat,1396.39
CUST-0124,Brad Thomas,Corporate,2009-05-08,2012-11-01,5,4174.52,184.14,Repeat,834.9
CUST-0445,Jason Klamczynski,Small Business,2009-01-16,2012-11-03,5,4163.68,-316.48,Repeat,832.74
CUST-0527,Katherine Ducich,Corporate,2009-01-17,2012-08-28,4,4159.35,369.79,Repeat,1039.84
CUST-0979,Vivek Grady,Corporate,2010-10-04,2011-12-02,4,4145.72,-243.07,Repeat,1036.43
CUST-0508,Julie Creighton,Corporate,2010-03-19,2012-10-05,5,4143.56,-169.58,Repeat,828.71
CUST-0472,Joe Elijah,Home Office,2009-01-16,2011-08-01,6,4138.43,-324.02,Repeat,689.74
CUST-0628,Mary O'Rourke,Home Office,2009-02-23,2011-05-07,3,4110.91,408.09,Repeat,1370.3
CUST-0238,Dan Campbell,Small Business,2009-09-16,2012-10-04,5,4088.9,-495.45,Repeat,817.78
CUST-0219,Corey Roper,Small Business,2009-01-06,2012-03-03,3,4069.64,-3.28,Repeat,1356.55
CUST-0359,Fred Chung,Corporate,2010-05-05,2012-06-26,5,4054.16,319.55,Repeat,810.83
CUST-0480,John Huston,Consumer,2009-03-08,2012-05-11,2,4039.1,275.98,Repeat,2019.55
CUST-0693,Muhammed Lee,Corporate,2012-07-21,2012-10-16,2,4014.24,340.41,Repeat,2007.12
CUST-0434,Jamie Frazer,Small Business,2009-11-12,2011-12-15,4,3980.79,-473.72,Repeat,995.2
CUST-0093,Bart Folk,Corporate,2009-05-14,2012-11-17,4,3960.31,-954.02,Repeat,990.08
CUST-0967,Trudy Bell,Consumer,2009-02-12,2011-08-05,8,3948.66,99.34,Repeat,493.58
CUST-0537,Kean Nguyen,Small Business,2010-04-29,2012-07-25,4,3948.6,1043.79,Repeat,987.15
CUST-0565,Larry Tron,Corporate,2009-05-15,2012-03-03,2,3924.24,781.6,Repeat,1962.12
CUST-0983,Vivian Mathis,Corporate,2009-06-02,2009-06-02,1,3905.75,55.3,New,3905.75
CUST-0069,Anthony O'Donnell,Consumer,2011-03-01,2012-09-22,5,3870.97,112.77,Repeat,774.19
CUST-0795,Rick Hansen,Home Office,2010-08-12,2012-12-22,5,3865.69,-242.57,Repeat,773.14
CUST-0893,Steven Cartwright,Home Office,2010-08-20,2012-05-18,4,3821.7,-1102.9,Repeat,955.42
CUST-0930,Theresa Swint,Home Office,2012-07-16,2012-07-16,1,3801.27,-861.3,New,3801.27
CUST-0657,Michael Granlund,Corporate,2009-08-04,2012-08-22,3,3740.39,587.05,Repeat,1246.8
CUST-0624,Mark Haberlin,Small Business,2009-01-09,2012-07-02,4,3728.59,-603.59,Repeat,932.15
CUST-0384,Grace Kelly,Consumer,2009-06-03,2011-12-09,4,3714.35,-980.43,Repeat,928.59
CUST-0643,Maureen Grace,Corporate,2010-05-29,2010-05-29,1,3681.75,1196.44,New,3681.75
CUST-0612,Marc Harrigan,Home Office,2009-03-18,2010-02-02,3,3628.68,815.19,Repeat,1209.56
CUST-0128,Bradley Nguyen,Corporate,2011-05-09,2011-05-09,1,3617.64,-354.13,New,3617.64
CUST-0137,Brian DeCherney,Corporate,2011-04-09,2012-08-09,6,3607.58,-248.78,Repeat,601.26
CUST-0511,Justin Deggeller,Corporate,2010-06-06,2011-10-21,3,3600.14,121.06,Repeat,1200.05
CUST-0806,Rob Williams,Home Office,2009-06-28,2012-08-10,4,3592.92,155.1,Repeat,898.23
CUST-0372,George Ashbrook,Consumer,2009-01-07,2011-02-14,6,3574.22,-681.73,Repeat,595.7
CUST-0276,Delfina Latchford,Small Business,2009-03-04,2011-03-08,5,3541.76,318.77,Repeat,708.35
CUST-0942,Toby Knight,Consumer,2010-03-12,2010-03-12,1,3509.5,233.28,New,3509.5
CUST-0590,Lisa Ryan,Home Office,2009-05-21,2012-12-08,3,3489.29,-258.62,Repeat,1163.1
CUST-0383,Giulietta Weimer,Home Office,2009-07-21,2012-11-13,3,3485.03,56.96,Repeat,1161.68
CUST-0577,Lena Creighton,Corporate,2010-02-19,2012-12-21,6,3479.67,-670.4,Repeat,579.94
CUST-0849,Saphhira Shifley,Corporate,2010-03-17,2012-10-09,4,3471.28,-200.92,Repeat,867.82
CUST-0240,Dan Reichenbach,Corporate,2009-05-27,2011-09-26,4,3468.73,531.24,Repeat,867.18
CUST-0546,Kelly Lampkin,Home Office,2009-11-30,2011-09-12,3,3436.68,338.05,Repeat,1145.56
CUST-0152,Candace McMahon,Corporate,2009-12-14,2012-04-17,8,3429.75,-168.5,Repeat,428.72
CUST-0127,Bradley Nguyen,Consumer,2009-02-08,2011-04-18,4,3352.79,-619.0,Repeat,838.2
CUST-0064,Annie Thurman,Consumer,2009-12-09,2012-08-28,7,3329.27,-262.87,Repeat,475.61
CUST-0598,Liz Willingham,Corporate,2009-07-03,2012-10-18,5,3328.03,-306.49,Repeat,665.61
CUST-0244,Daniel Raglin,Corporate,2009-03-16,2012-09-28,3,3321.86,184.98,Repeat,1107.29
CUST-0620,Marina Lichtenstein,Corporate,2009-01-05,2012-07-28,4,3238.91,-189.22,Repeat,809.73
CUST-0947,Todd Sumrall,Consumer,2011-06-10,2011-12-24,2,3226.98,-42.2,Repeat,1613.49
CUST-0602,Lori Olson,Consumer,2010-03-12,2012-07-14,4,3194.03,1103.8,Repeat,798.51
CUST-0347,Evan Bailliet,Corporate,2009-02-10,2012-01-12,6,3193.94,-254.34,Repeat,532.32
CUST-0931,Theresa Swint,Small Business,2009-03-02,2012-08-21,7,3192.94,91.85,Repeat,456.13
CUST-0265,David Smith,Small Business,2009-02-12,2012-02-26,4,3192.87,261.23,Repeat,798.22
CUST-0567,Laura Armstrong,Corporate,2009-10-13,2009-10-13,1,3122.55,-574.56,New,3122.55
CUST-0306,Duane Huffman,Small Business,2009-05-20,2012-10-19,5,3087.6,311.04,Repeat,617.52
CUST-0261,David Flashing,Consumer,2012-02-05,2012-02-05,1,3028.86,-2595.65,New,3028.86
CUST-0266,David Wiener,Consumer,2010-02-25,2011-01-20,4,3028.23,-434.02,Repeat,757.06
CUST-0561,Kristen Hastings,Small Business,2011-11-05,2011-11-05,1,3023.73,-1068.01,New,3023.73
CUST-0702,Natalie Fritzler,Home Office,2009-03-01,2012-05-17,2,3005.61,546.11,Repeat,1502.8
CUST-0174,Cassandra Brandow,Home Office,2011-02-24,2012-10-13,4,2985.56,427.7,Repeat,746.39
CUST-0584,Lindsay Castell,Small Business,2009-03-12,2011-10-26,4,2981.77,144.55,Repeat,745.44
CUST-0100,Ben Ferrer,Corporate,2009-09-17,2012-04-29,5,2977.99,-1090.12,Repeat,595.6
CUST-0374,George Bell,Corporate,2010-03-21,2012-12-03,5,2952.94,-290.25,Repeat,590.59
CUST-0576,Lena Cacioppo,Home Office,2009-03-22,2010-12-04,4,2939.32,320.48,Repeat,734.83
CUST-0010,Aimee Bixby,Home Office,2011-02-24,2011-09-23,2,2913.65,395.71,Repeat,1456.82
CUST-0764,Peter McVee,Small Business,2009-02-24,2012-09-15,3,2910.13,-373.58,Repeat,970.04
CUST-0770,Phillip Breyer,Corporate,2010-09-21,2012-10-17,4,2899.54,358.52,Repeat,724.88
CUST-0487,Jonathan Howell,Consumer,2009-08-12,2012-01-31,5,2835.72,149.33,Repeat,567.14
CUST-0675,Michelle Tran,Home Office,2009-12-23,2009-12-23,1,2811.7,-3074.27,New,2811.7
CUST-0352,Frank Carlisle,Small Business,2010-03-15,2012-07-09,3,2810.08,-1716.86,Repeat,936.69
CUST-0814,Roland Fjeld,Corporate,2009-02-19,2012-09-01,5,2804.93,368.96,Repeat,560.99
CUST-0488,Joni Blumstein,Consumer,2009-12-12,2012-08-16,5,2732.34,-518.72,Repeat,546.47
CUST-0645,Max Engle,Corporate,2009-02-08,2012-01-05,6,2681.02,-1668.5,Repeat,446.84
CUST-0832,Sally Hughsby,Home Office,2010-06-03,2010-06-03,1,2657.56,126.28,New,2657.56
CUST-0036,Amy Cox,Corporate,2009-10-23,2011-03-15,3,2655.88,242.56,Repeat,885.29
CUST-0048,Andy Yotov,Corporate,2010-04-20,2010-08-11,3,2635.35,-399.1,Repeat,878.45
CUST-0399,Hallie Redmond,Home Office,2012-04-09,2012-09-05,3,2615.83,-858.98,Repeat,871.94
CUST-0738,Patricia Hirasaki,Home Office,2010-02-27,2012-07-21,3,2576.17,720.61,Repeat,858.72
CUST-0563,Larry Blacks,Consumer,2009-11-16,2012-11-24,3,2556.21,-40.63,Repeat,852.07
CUST-0921,Ted Butterfield,Corporate,2010-01-24,2010-01-24,1,2531.27,341.27,New,2531.27
CUST-0298,Dorris Love,Corporate,2009-05-13,2011-03-13,4,2526.41,2.35,Repeat,631.6
CUST-0548,Ken Black,Consumer,2010-01-26,2012-09-30,4,2521.81,227.85,Repeat,630.45
CUST-0502,Julia West,Consumer,2009-10-15,2012-06-11,3,2512.79,-99.88,Repeat,837.6
CUST-0727,Nora Paige,Consumer,2012-09-04,2012-09-04,1,2506.38,-500.46,New,2506.38
CUST-0841,Sample Company A,Home Office,2011-11-02,2011-11-02,1,2484.75,657.48,New,2484.75
CUST-0364,Gary Hansen,Consumer,2010-08-04,2012-01-05,3,2441.45,273.17,Repeat,813.82
CUST-0249,Darren Koutras,Consumer,2011-05-19,2012-10-28,3,2437.06,-1502.24,Repeat,812.35
CUST-0131,Brenda Bowman,Home Office,2010-10-29,2010-10-29,1,2423.06,-94.27,New,2423.06
CUST-0148,Bryan Davis,Corporate,2011-10-10,2012-08-05,3,2354.7,-328.18,Repeat,784.9
CUST-0229,Cyma Kinney,Small Business,2009-05-21,2012-02-16,3,2310.23,332.29,Repeat,770.08
CUST-0045,Andrew Roberts,Small Business,2011-06-29,2012-05-26,2,2252.94,909.41,Repeat,1126.47
CUST-0260,David Bremer,Corporate,2009-02-17,2011-11-29,5,2209.33,-694.21,Repeat,441.87
CUST-0052,Ann Blume,Small Business,2009-02-21,2011-03-21,5,2198.67,-1630.66,Repeat,439.73
CUST-0129,Bradley Talbott,Corporate,2012-11-08,2012-11-08,1,2185.61,-2897.25,New,2185.61
CUST-0111,Bill Donatelli,Small Business,2012-01-21,2012-10-13,3,2170.35,273.91,Repeat,723.45
CUST-0769,Phillina Ober,Small Business,2009-09-18,2012-02-27,6,2157.49,200.65,Repeat,359.58
CUST-0587,Lisa DeCherney,Consumer,2010-02-14,2012-06-08,4,2126.38,411.98,Repeat,531.6
CUST-0668,Michelle Ellison,Small Business,2009-04-09,2012-04-24,5,2088.36,-517.37,Repeat,417.67
CUST-0251,Darrin Martin,Small Business,2009-07-12,2012-04-02,4,2074.56,77.34,Repeat,518.64
CUST-0564,Larry Hughes,Home Office,2009-11-06,2011-07-23,3,1993.07,-130.97,Repeat,664.36
CUST-0988,Yana Sorensen,Corporate,2009-01-09,2012-08-20,6,1987.16,-261.53,Repeat,331.19
CUST-0357,Frank Olsen,Small Business,2009-06-30,2012-07-21,3,1948.89,88.15,Repeat,649.63
CUST-0747,Paul Lucas,Corporate,2009-05-16,2010-10-20,4,1911.61,-479.21,Repeat,477.9
CUST-0846,Sanjit Engle,Home Office,2009-12-07,2012-12-17,3,1896.7,-952.61,Repeat,632.23
CUST-0169,Carol Darley,Home Office,2009-02-03,2012-05-18,2,1888.88,-25.33,Repeat,944.44
CUST-0782,Randy Bradley,Small Business,2009-06-16,2010-12-29,4,1809.06,-346.47,Repeat,452.26
CUST-0479,John Grady,Corporate,2010-01-27,2012-02-07,3,1764.71,556.2,Repeat,588.24
CUST-0057,Anna Gayman,Corporate,2009-04-27,2010-02-10,3,1736.13,-127.76,Repeat,578.71
CUST-0618,Maribeth Schnelling,Corporate,2009-01-06,2012-08-27,4,1722.51,-385.37,Repeat,430.63
CUST-0516,Kalyca Meade,Corporate,2010-11-26,2011-11-18,4,1661.21,330.37,Repeat,415.3
CUST-0142,Brian Thompson,Home Office,2009-12-05,2011-07-12,4,1653.25,250.18,Repeat,413.31
CUST-0857,Scot Wooten,Corporate,2009-04-05,2012-11-28,3,1635.65,125.3,Repeat,545.22
CUST-0909,Suzanne McNair,Corporate,2010-11-30,2012-01-27,3,1609.34,85.03,Repeat,536.45
CUST-0197,Christopher Conant,Consumer,2011-01-03,2011-01-03,1,1607.06,-51.34,New,1607.06
CUST-0594,Liz Pelletier,Home Office,2009-03-26,2011-10-12,3,1586.52,-581.29,Repeat,528.84
CUST-0517,Karen Bern,Corporate,2009-03-09,2011-08-25,3,1563.71,110.75,Repeat,521.24
CUST-0907,Susan Vittorini,Corporate,2010-05-07,2012-09-16,5,1561.76,-426.21,Repeat,312.35
CUST-0039,Amy Hunt,Consumer,2009-01-15,2012-07-17,4,1550.99,-362.77,Repeat,387.75
CUST-0811,Roger Barcio,Corporate,2009-04-30,2011-03-13,3,1533.01,195.49,Repeat,511.0
CUST-0141,Brian Stugart,Corporate,2009-01-13,2011-04-02,3,1521.04,-118.64,Repeat,507.01
CUST-0179,Chad Cunningham,Small Business,2010-02-06,2011-10-22,4,1486.1,534.43,Repeat,371.52
CUST-0443,Jason Gross,Small Business,2010-12-12,2011-05-14,2,1484.04,526.87,Repeat,742.02
CUST-0014,Alan Haines,Home Office,2010-10-06,2010-10-06,1,1476.12,-1401.17,New,1476.12
CUST-0034,Alyssa Crouse,Home Office,2010-03-14,2010-03-14,1,1457.71,-1565.89,New,1457.71
CUST-0043,Andrew Gjertsen,Consumer,2010-06-04,2012-09-08,3,1406.34,92.84,Repeat,468.78
CUST-0061,Anne Pryor,Corporate,2012-07-18,2012-07-18,1,1392.77,-1981.55,New,1392.77
CUST-0172,Carol Triggs,Home Office,2009-07-24,2012-09-30,8,1380.75,-118.94,Repeat,172.59
CUST-0943,Toby Knight,Corporate,2009-09-19,2012-02-15,3,1364.35,176.63,Repeat,454.78
CUST-0157,Cari Schnelling,Small Business,2010-03-16,2012-04-22,2,1362.88,178.59,Repeat,681.44
CUST-0199,Christopher Martinez,Home Office,2011-09-23,2012-11-09,2,1351.3,123.58,Repeat,675.65
CUST-0439,Janet Molinari,Corporate,2011-05-07,2012-03-30,3,1348.64,94.36,Repeat,449.55
CUST-0417,Henry MacAllister,Small Business,2009-06-13,2012-03-16,3,1348.46,-127.98,Repeat,449.49
CUST-0056,Anna Chung,Home Office,2009-03-18,2012-09-02,3,1310.38,-759.24,Repeat,436.8
CUST-0840,Sam Zeldin,Small Business,2009-06-12,2010-11-29,4,1290.0,-15.01,Repeat,322.5
CUST-0318,Eleni McCrary,Corporate,2009-12-09,2011-12-29,5,1253.44,204.02,Repeat,250.69
CUST-0080,Arthur Prichep,Small Business,2009-01-21,2009-01-21,1,1251.18,-1756.44,New,1251.18
CUST-0035,Alyssa Tate,Small Business,2009-05-02,2012-02-09,5,1235.31,-523.72,Repeat,247.06
CUST-0615,Maria Etezadi,Home Office,2009-08-06,2009-08-06,1,1219.25,132.79,New,1219.25
CUST-0146,Bruce Money,Corporate,2010-06-04,2012-04-10,3,1167.03,-128.05,Repeat,389.01
CUST-0896,Stewart Carmichael,Corporate,2009-07-24,2010-12-28,2,1134.88,-88.97,Repeat,567.44
CUST-0413,Helen Wasserman,Corporate,2009-09-11,2010-12-03,3,1121.68,-461.81,Repeat,373.89
CUST-0024,Aleksandra Gannaway,Home Office,2009-05-17,2009-08-18,2,1102.51,211.01,Repeat,551.26
CUST-0521,Karen Ferguson,Corporate,2010-07-28,2010-07-28,1,1095.27,-281.22,New,1095.27
CUST-0939,Toby Braunhardt,Corporate,2009-08-15,2009-08-15,1,1060.34,-1.3,New,1060.34
CUST-0067,Anthony Jacobs,Home Office,2011-01-05,2011-01-05,1,1029.47,-8.12,New,1029.47
CUST-0095,Bart Pistole,Home Office,2012-02-11,2012-02-11,1,1024.31,174.72,New,1024.31
CUST-0158,Carl Jackson,Corporate,2011-06-17,2011-06-17,1,998.62,73.66,New,998.62
CUST-0674,Michelle Tran,Corporate,2009-09-30,2012-08-09,4,972.06,-269.5,Repeat,243.01
CUST-0361,Fred Hopkins,Home Office,2010-10-04,2010-12-19,2,968.87,-176.01,Repeat,484.43
CUST-0441,Jas O'Carroll,Home Office,2009-08-17,2011-09-06,3,964.44,-89.12,Repeat,321.48
CUST-0209,Cindy Stewart,Consumer,2009-10-12,2010-11-29,2,943.31,-94.28,Repeat,471.66
CUST-0118,Bobby Odegard,Consumer,2012-01-25,2012-11-15,2,943.26,160.42,Repeat,471.63
CUST-0828,Russell D'Ascenzo,Consumer,2010-04-09,2012-07-23,4,928.0,-257.36,Repeat,232.0
CUST-0037,Amy Cox,Home Office,2009-09-16,2009-09-16,1,907.24,-634.73,New,907.24
CUST-0475,Joel Jenkins,Corporate,2010-04-22,2011-05-03,3,865.26,-106.58,Repeat,288.42
CUST-0555,Khloe Miller,Consumer,2011-10-09,2012-10-16,2,860.93,222.14,Repeat,430.46
CUST-0859,Scott Williamson,Small Business,2010-02-22,2011-12-20,2,852.11,-450.4,Repeat,426.06
CUST-0230,Cynthia Arntzen,Home Office,2009-11-21,2012-04-01,4,848.98,106.21,Repeat,212.24
CUST-0367,Gary Mitchum,Consumer,2009-08-11,2012-06-07,3,848.07,17.63,Repeat,282.69
CUST-0711,Neil French,Corporate,2011-02-26,2012-07-29,3,818.81,180.76,Repeat,272.94
CUST-0008,Adrian Hane,Corporate,2010-07-03,2012-06-12,3,795.82,-97.49,Repeat,265.27
CUST-0679,Mick Hernandez,Home Office,2009-10-11,2012-06-10,3,793.38,-347.07,Repeat,264.46
CUST-0815,Roland Murray,Home Office,2010-02-20,2012-09-24,4,781.02,43.13,Repeat,195.26
CUST-0639,Matthew Clasen,Consumer,2009-08-28,2012-08-12,3,775.95,115.18,Repeat,258.65
CUST-0303,Doug O'Connell,Small Business,2009-11-05,2012-08-04,3,721.65,-171.77,Repeat,240.55
CUST-0409,Heather Jas,Corporate,2009-03-27,2011-07-24,3,714.24,4.7,Repeat,238.08
CUST-0556,Khloe Miller,Corporate,2009-01-22,2012-07-11,4,710.53,-139.21,Repeat,177.63
CUST-0425,Ivan Gibson,Corporate,2009-08-06,2012-10-17,3,706.88,-279.36,Repeat,235.63
CUST-0638,Matt Hagelstein,Home Office,2011-02-26,2012-12-30,3,683.9,54.77,Repeat,227.97
CUST-0634,Matt Abelman,Small Business,2009-09-25,2011-09-29,2,679.86,-83.64,Repeat,339.93
CUST-0490,Joni Sundaresam,Home Office,2010-02-09,2012-09-19,3,650.77,-146.62,Repeat,216.92
CUST-0842,Sandra Flanagan,Corporate,2011-10-22,2011-10-22,1,640.21,-388.52,New,640.21
CUST-0852,Sarah Bern,Corporate,2009-09-05,2012-07-01,5,629.7,-90.34,Repeat,125.94
CUST-0936,Tiffany House,Corporate,2010-07-28,2010-07-28,1,617.92,-90.21,New,617.92
CUST-0759,Pete Kriz,Corporate,2009-09-17,2010-08-03,2,604.79,48.88,Repeat,302.4
CUST-0323,Emily Burns,Home Office,2010-05-05,2012-04-22,3,573.98,-31.49,Repeat,191.33
CUST-0745,Paul Gonzalez,Corporate,2010-08-24,2011-03-07,2,567.89,-83.35,Repeat,283.94
CUST-0735,Pamela Coakley,Corporate,2010-01-08,2012-07-17,2,564.7,17.36,Repeat,282.35
CUST-0644,Maurice Satty,Corporate,2009-04-06,2012-12-24,4,555.82,-69.86,Repeat,138.96
CUST-0597,Liz Thompson,Corporate,2010-02-21,2012-08-14,4,506.8,-147.24,Repeat,126.7
CUST-0278,Denise Leinenbach,Home Office,2009-05-25,2012-07-02,5,491.79,49.84,Repeat,98.36
CUST-0025,Alex Avila,Corporate,2011-10-08,2011-10-08,1,477.5,-245.56,New,477.5
CUST-0544,Kelly Collister,Consumer,2010-03-09,2011-07-27,3,471.81,-221.65,Repeat,157.27
CUST-0130,Bradley Talbott,Small Business,2010-05-30,2011-11-26,3,469.63,66.46,Repeat,156.54
CUST-0059,Anne McFarland,Consumer,2011-01-21,2012-03-01,2,459.93,102.54,Repeat,229.96
CUST-0625,Mark Hamilton,Home Office,2011-12-12,2011-12-12,1,450.99,-91.07,New,450.99
CUST-0505,Julia West,Small Business,2011-11-19,2011-11-19,1,440.92,-65.18,New,440.92
CUST-0796,Rick Huthwaite,Corporate,2009-03-26,2011-07-12,2,415.82,-42.24,Repeat,207.91
CUST-0850,Sara Luxemburg,Corporate,2011-07-27,2011-11-28,2,399.09,73.05,Repeat,199.54
CUST-0280,Dennis Bolton,Consumer,2010-08-04,2012-07-03,3,394.5,-70.1,Repeat,131.5
CUST-0371,Gene McClure,Home Office,2009-03-17,2011-09-13,2,373.04,-216.31,Repeat,186.52
CUST-0149,Bryan Mills,Corporate,2009-08-02,2009-08-02,1,368.66,-165.6,New,368.66
CUST-0188,Chris McAfee,Consumer,2010-06-08,2011-01-17,2,350.18,69.2,Repeat,175.09
CUST-0330,Eric Murdock,Home Office,2010-04-07,2012-09-28,4,343.33,-326.49,Repeat,85.83
CUST-0194,Christine Kargatis,Small Business,2009-04-07,2011-09-07,2,293.22,56.08,Repeat,146.61
CUST-0296,Dorothy Dickinson,Corporate,2010-05-07,2010-05-07,1,198.08,32.69,New,198.08
CUST-0094,Bart Pistole,Consumer,2009-10-04,2009-10-04,1,195.83,10.79,New,195.83
CUST-0534,Katrina Edelman,Corporate,2011-03-02,2011-06-06,2,180.76,-103.22,Repeat,90.38
CUST-0721,Nicole Fjeld,Small Business,2010-08-06,2010-09-01,2,153.03,-82.19,Repeat,76.52
CUST-0701,Natalie DeCherney,Consumer,2010-06-14,2010-06-14,1,125.9,5.85,New,125.9
CUST-0667,Michelle Ellison,Home Office,2009-12-02,2009-12-02,1,93.22,-15.37,New,93.22
CUST-0457,Jeremy Farry,Small Business,2009-09-15,2012-04-25,2,85.72,6.81,Repeat,42.86
