order_month_start,revenue,profit,orders,customers,average_order_value,mom_revenue_growth_pct
2009-01-01,516302.96,62326.4,133,123,3881.98,
2009-02-01,332480.64,30422.68,101,93,3291.89,-35.6
2009-03-01,411628.73,22802.96,124,120,3319.59,23.81
2009-04-01,393276.48,39132.73,118,106,3332.85,-4.46
2009-05-01,230145.54,18035.35,119,110,1934.0,-41.48
2009-06-01,263456.07,34640.55,105,95,2509.11,14.47
2009-07-01,380503.97,41749.43,120,112,3170.87,44.43
2009-08-01,329754.71,14682.84,127,119,2596.49,-13.34
2009-09-01,325292.31,46652.05,123,113,2644.65,-1.35
2009-10-01,361555.27,55228.01,100,93,3615.55,11.15
2009-11-01,248933.43,16222.22,106,98,2348.43,-31.15
2009-12-01,415809.35,52643.51,118,110,3523.81,67.04
2010-01-01,336526.68,48177.27,108,97,3115.99,-19.07
2010-02-01,271580.51,25999.13,109,99,2491.56,-19.3
2010-03-01,217808.01,1116.68,110,102,1980.07,-19.8
2010-04-01,266968.59,17306.51,95,90,2810.2,22.57
2010-05-01,283534.28,42636.66,129,120,2197.94,6.21
2010-06-01,293080.66,36130.26,108,101,2713.71,3.37
2010-07-01,229885.5,15918.45,109,101,2109.04,-21.56
2010-08-01,207937.01,21862.78,125,119,1663.5,-9.55
2010-09-01,418343.28,50022.73,134,128,3121.96,101.19
2010-10-01,365251.98,48596.75,121,118,3018.61,-12.69
2010-11-01,290670.35,23345.07,113,104,2572.3,-20.42
2010-12-01,368093.95,32759.19,132,118,2788.59,26.64
2011-01-01,251467.23,17704.56,96,87,2619.45,-31.68
2011-02-01,299890.14,20848.88,111,104,2701.71,19.26
2011-03-01,296035.87,43243.56,107,99,2766.69,-1.29
2011-04-01,288213.4,36106.24,110,95,2620.12,-2.64
2011-05-01,262628.5,25585.24,118,109,2225.67,-8.88
2011-06-01,197740.85,17478.47,105,98,1883.25,-24.71
2011-07-01,287905.19,36903.84,118,110,2439.87,45.6
2011-08-01,274578.48,24378.93,104,98,2640.18,-4.63
2011-09-01,276049.8,33098.01,116,110,2379.74,0.54
2011-10-01,305660.45,49054.12,113,107,2704.96,10.73
2011-11-01,367769.5,39560.02,102,92,3605.58,20.32
2011-12-01,328877.31,37494.12,117,107,2810.92,-10.58
2012-01-01,340626.51,43312.52,111,103,3068.71,3.57
2012-02-01,276132.5,25158.43,108,98,2556.78,-18.93
2012-03-01,348208.32,37636.13,136,124,2560.36,26.1
2012-04-01,268024.97,31361.04,126,118,2127.18,-23.03
2012-05-01,384588.06,29371.44,129,118,2981.3,43.49
2012-06-01,276580.94,30454.28,103,96,2685.25,-28.08
2012-07-01,242809.7,26393.59,111,104,2187.47,-12.21
2012-08-01,302745.12,13660.95,125,120,2421.96,24.68
2012-09-01,318271.57,34579.9,123,118,2587.57,5.13
2012-10-01,351246.73,21137.51,133,120,2640.95,10.36
2012-11-01,256020.1,27543.05,91,85,2813.41,-27.11
2012-12-01,354709.34,21292.94,96,91,3694.89,38.55
